file,line,type,commit,author,date,time,timezone,datetime,depth,length
style.css,1,css,f8f3a38b,F3rando,2026-04-10,14:51:54,-07:00,2026-04-10T14:51:54-07:00,0,39
style.css,2,css,f8f3a38b,F3rando,2026-04-10,14:51:54,-07:00,2026-04-10T14:51:54-07:00,0,6
style.css,3,css,f8f3a38b,F3rando,2026-04-10,14:51:54,-07:00,2026-04-10T14:51:54-07:00,0,46
style.css,4,css,f8f3a38b,F3rando,2026-04-10,14:51:54,-07:00,2026-04-10T14:51:54-07:00,0,0
style.css,5,css,f8f3a38b,F3rando,2026-04-10,14:51:54,-07:00,2026-04-10T14:51:54-07:00,0,0
style.css,6,css,b3a1688d,F3rando,2026-04-17,20:57:37,-07:00,2026-04-17T20:57:37-07:00,0,5
style.css,7,css,b3a1688d,F3rando,2026-04-17,20:57:37,-07:00,2026-04-17T20:57:37-07:00,0,24
style.css,8,css,b3a1688d,F3rando,2026-04-17,20:57:37,-07:00,2026-04-17T20:57:37-07:00,0,0
style.css,9,css,b3a1688d,F3rando,2026-04-17,20:57:37,-07:00,2026-04-17T20:57:37-07:00,0,0
style.css,10,css,72265daa,F3rando,2026-04-03,13:43:44,-07:00,2026-04-03T13:43:44-07:00,0,5
style.css,11,css,72265daa,F3rando,2026-04-03,13:43:44,-07:00,2026-04-03T13:43:44-07:00,0,44
style.css,12,css,72265daa,F3rando,2026-04-03,13:43:44,-07:00,2026-04-03T13:43:44-07:00,1,37
style.css,13,css,72265daa,F3rando,2026-04-03,13:43:44,-07:00,2026-04-03T13:43:44-07:00,1,1
style.css,14,css,72265daa,F3rando,2026-04-03,13:43:44,-07:00,2026-04-03T13:43:44-07:00,0,35
style.css,15,css,f8f3a38b,F3rando,2026-04-10,14:51:54,-07:00,2026-04-10T14:51:54-07:00,0,15
style.css,16,css,f8f3a38b,F3rando,2026-04-10,14:51:54,-07:00,2026-04-10T14:51:54-07:00,0,43
style.css,17,css,f8f3a38b,F3rando,2026-04-10,14:51:54,-07:00,2026-04-10T14:51:54-07:00,0,16
style.css,18,css,f8f3a38b,F3rando,2026-04-10,14:51:54,-07:00,2026-04-10T14:51:54-07:00,0,12
style.css,19,css,72265daa,F3rando,2026-04-03,13:43:44,-07:00,2026-04-03T13:43:44-07:00,0,0
style.css,20,css,72265daa,F3rando,2026-04-03,13:43:44,-07:00,2026-04-03T13:43:44-07:00,0,0
style.css,21,css,72265daa,F3rando,2026-04-03,13:43:44,-07:00,2026-04-03T13:43:44-07:00,0,27
style.css,22,css,72265daa,F3rando,2026-04-03,13:43:44,-07:00,2026-04-03T13:43:44-07:00,0,4
style.css,23,css,72265daa,F3rando,2026-04-03,13:43:44,-07:00,2026-04-03T13:43:44-07:00,0,15
style.css,24,css,72265daa,F3rando,2026-04-03,13:43:44,-07:00,2026-04-03T13:43:44-07:00,0,12
style.css,25,css,72265daa,F3rando,2026-04-03,13:43:44,-07:00,2026-04-03T13:43:44-07:00,0,0
style.css,26,css,72265daa,F3rando,2026-04-03,13:43:44,-07:00,2026-04-03T13:43:44-07:00,0,0
style.css,27,css,f8f3a38b,F3rando,2026-04-10,14:51:54,-07:00,2026-04-10T14:51:54-07:00,0,36
style.css,28,css,b3a1688d,F3rando,2026-04-17,20:57:37,-07:00,2026-04-17T20:57:37-07:00,0,4
style.css,29,css,b3a1688d,F3rando,2026-04-17,20:57:37,-07:00,2026-04-17T20:57:37-07:00,0,40
style.css,30,css,ca4fa309,F3rando,2026-04-17,21:09:23,-07:00,2026-04-17T21:09:23-07:00,0,26
style.css,31,css,ca4fa309,F3rando,2026-04-17,21:09:23,-07:00,2026-04-17T21:09:23-07:00,0,48
style.css,32,css,b3a1688d,F3rando,2026-04-17,20:57:37,-07:00,2026-04-17T20:57:37-07:00,0,0
style.css,33,css,b3a1688d,F3rando,2026-04-17,20:57:37,-07:00,2026-04-17T20:57:37-07:00,0,0
style.css,34,css,f8f3a38b,F3rando,2026-04-10,14:51:54,-07:00,2026-04-10T14:51:54-07:00,0,7
style.css,35,css,f8f3a38b,F3rando,2026-04-10,14:51:54,-07:00,2026-04-10T14:51:54-07:00,0,13
style.css,36,css,f8f3a38b,F3rando,2026-04-10,14:51:54,-07:00,2026-04-10T14:51:54-07:00,0,16
style.css,37,css,f8f3a38b,F3rando,2026-04-10,14:51:54,-07:00,2026-04-10T14:51:54-07:00,0,10
style.css,38,css,f8f3a38b,F3rando,2026-04-10,14:51:54,-07:00,2026-04-10T14:51:54-07:00,0,9
style.css,39,css,f8f3a38b,F3rando,2026-04-10,14:51:54,-07:00,2026-04-10T14:51:54-07:00,0,0
style.css,40,css,f8f3a38b,F3rando,2026-04-10,14:51:54,-07:00,2026-04-10T14:51:54-07:00,0,0
style.css,41,css,f8f3a38b,F3rando,2026-04-10,14:51:54,-07:00,2026-04-10T14:51:54-07:00,0,7
style.css,42,css,f8f3a38b,F3rando,2026-04-10,14:51:54,-07:00,2026-04-10T14:51:54-07:00,0,17
style.css,43,css,f8f3a38b,F3rando,2026-04-10,14:51:54,-07:00,2026-04-10T14:51:54-07:00,0,0
style.css,44,css,f8f3a38b,F3rando,2026-04-10,14:51:54,-07:00,2026-04-10T14:51:54-07:00,0,0
style.css,45,css,f8f3a38b,F3rando,2026-04-10,14:51:54,-07:00,2026-04-10T14:51:54-07:00,0,6
style.css,46,css,f8f3a38b,F3rando,2026-04-10,14:51:54,-07:00,2026-04-10T14:51:54-07:00,0,7
style.css,47,css,f8f3a38b,F3rando,2026-04-10,14:51:54,-07:00,2026-04-10T14:51:54-07:00,0,18
style.css,48,css,f8f3a38b,F3rando,2026-04-10,14:51:54,-07:00,2026-04-10T14:51:54-07:00,0,14
style.css,49,css,f8f3a38b,F3rando,2026-04-10,14:51:54,-07:00,2026-04-10T14:51:54-07:00,0,21
style.css,50,css,f8f3a38b,F3rando,2026-04-10,14:51:54,-07:00,2026-04-10T14:51:54-07:00,0,14
style.css,51,css,f8f3a38b,F3rando,2026-04-10,14:51:54,-07:00,2026-04-10T14:51:54-07:00,0,0
style.css,52,css,f8f3a38b,F3rando,2026-04-10,14:51:54,-07:00,2026-04-10T14:51:54-07:00,0,0
style.css,53,css,f8f3a38b,F3rando,2026-04-10,14:51:54,-07:00,2026-04-10T14:51:54-07:00,0,12
style.css,54,css,ca4fa309,F3rando,2026-04-17,21:09:23,-07:00,2026-04-17T21:09:23-07:00,0,79
style.css,55,css,b3a1688d,F3rando,2026-04-17,20:57:37,-07:00,2026-04-17T20:57:37-07:00,0,70
style.css,56,css,ca4fa309,F3rando,2026-04-17,21:09:23,-07:00,2026-04-17T21:09:23-07:00,0,75
style.css,57,css,ca4fa309,F3rando,2026-04-17,21:09:23,-07:00,2026-04-17T21:09:23-07:00,0,55
style.css,58,css,ca4fa309,F3rando,2026-04-17,21:09:23,-07:00,2026-04-17T21:09:23-07:00,0,33
style.css,59,css,ca4fa309,F3rando,2026-04-17,21:09:23,-07:00,2026-04-17T21:09:23-07:00,0,42
style.css,60,css,f8f3a38b,F3rando,2026-04-10,14:51:54,-07:00,2026-04-10T14:51:54-07:00,0,0
style.css,61,css,f8f3a38b,F3rando,2026-04-10,14:51:54,-07:00,2026-04-10T14:51:54-07:00,0,0
style.css,62,css,f8f3a38b,F3rando,2026-04-10,14:51:54,-07:00,2026-04-10T14:51:54-07:00,0,9
style.css,63,css,ca4fa309,F3rando,2026-04-17,21:09:23,-07:00,2026-04-17T21:09:23-07:00,0,45
style.css,64,css,ca4fa309,F3rando,2026-04-17,21:09:23,-07:00,2026-04-17T21:09:23-07:00,0,44
style.css,65,css,f8f3a38b,F3rando,2026-04-10,14:51:54,-07:00,2026-04-10T14:51:54-07:00,0,33
style.css,66,css,f8f3a38b,F3rando,2026-04-10,14:51:54,-07:00,2026-04-10T14:51:54-07:00,0,0
style.css,67,css,f8f3a38b,F3rando,2026-04-10,14:51:54,-07:00,2026-04-10T14:51:54-07:00,0,0
style.css,68,css,b3a1688d,F3rando,2026-04-17,20:57:37,-07:00,2026-04-17T20:57:37-07:00,0,19
style.css,69,css,b3a1688d,F3rando,2026-04-17,20:57:37,-07:00,2026-04-17T20:57:37-07:00,0,14
style.css,70,css,b3a1688d,F3rando,2026-04-17,20:57:37,-07:00,2026-04-17T20:57:37-07:00,0,18
style.css,71,css,b3a1688d,F3rando,2026-04-17,20:57:37,-07:00,2026-04-17T20:57:37-07:00,0,9
style.css,72,css,b3a1688d,F3rando,2026-04-17,20:57:37,-07:00,2026-04-17T20:57:37-07:00,0,11
style.css,73,css,b3a1688d,F3rando,2026-04-17,20:57:37,-07:00,2026-04-17T20:57:37-07:00,0,14
style.css,74,css,b3a1688d,F3rando,2026-04-17,20:57:37,-07:00,2026-04-17T20:57:37-07:00,0,20
style.css,75,css,b3a1688d,F3rando,2026-04-17,20:57:37,-07:00,2026-04-17T20:57:37-07:00,0,0
style.css,76,css,b3a1688d,F3rando,2026-04-17,20:57:37,-07:00,2026-04-17T20:57:37-07:00,0,0
style.css,77,css,72265daa,F3rando,2026-04-03,13:43:44,-07:00,2026-04-03T13:43:44-07:00,0,42
style.css,78,css,72265daa,F3rando,2026-04-03,13:43:44,-07:00,2026-04-03T13:43:44-07:00,0,15
style.css,79,css,72265daa,F3rando,2026-04-03,13:43:44,-07:00,2026-04-03T13:43:44-07:00,0,19
style.css,80,css,72265daa,F3rando,2026-04-03,13:43:44,-07:00,2026-04-03T13:43:44-07:00,0,40
style.css,81,css,f8f3a38b,F3rando,2026-04-10,14:51:54,-07:00,2026-04-10T14:51:54-07:00,0,34
style.css,82,css,f8f3a38b,F3rando,2026-04-10,14:51:54,-07:00,2026-04-10T14:51:54-07:00,0,0
style.css,83,css,f8f3a38b,F3rando,2026-04-10,14:51:54,-07:00,2026-04-10T14:51:54-07:00,0,0
style.css,84,css,f8f3a38b,F3rando,2026-04-10,14:51:54,-07:00,2026-04-10T14:51:54-07:00,0,29
style.css,85,css,f8f3a38b,F3rando,2026-04-10,14:51:54,-07:00,2026-04-10T14:51:54-07:00,0,5
style.css,86,css,f8f3a38b,F3rando,2026-04-10,14:51:54,-07:00,2026-04-10T14:51:54-07:00,0,13
style.css,87,css,f8f3a38b,F3rando,2026-04-10,14:51:54,-07:00,2026-04-10T14:51:54-07:00,0,31
style.css,88,css,f8f3a38b,F3rando,2026-04-10,14:51:54,-07:00,2026-04-10T14:51:54-07:00,0,8
style.css,89,css,f8f3a38b,F3rando,2026-04-10,14:51:54,-07:00,2026-04-10T14:51:54-07:00,0,0
style.css,90,css,f8f3a38b,F3rando,2026-04-10,14:51:54,-07:00,2026-04-10T14:51:54-07:00,0,0
style.css,91,css,f8f3a38b,F3rando,2026-04-10,14:51:54,-07:00,2026-04-10T14:51:54-07:00,0,17
style.css,92,css,f8f3a38b,F3rando,2026-04-10,14:51:54,-07:00,2026-04-10T14:51:54-07:00,0,13
style.css,93,css,f8f3a38b,F3rando,2026-04-10,14:51:54,-07:00,2026-04-10T14:51:54-07:00,0,30
style.css,94,css,f8f3a38b,F3rando,2026-04-10,14:51:54,-07:00,2026-04-10T14:51:54-07:00,0,19
style.css,95,css,f8f3a38b,F3rando,2026-04-10,14:51:54,-07:00,2026-04-10T14:51:54-07:00,0,0
style.css,96,css,f8f3a38b,F3rando,2026-04-10,14:51:54,-07:00,2026-04-10T14:51:54-07:00,0,0
style.css,97,css,f8f3a38b,F3rando,2026-04-10,14:51:54,-07:00,2026-04-10T14:51:54-07:00,0,11
style.css,98,css,f8f3a38b,F3rando,2026-04-10,14:51:54,-07:00,2026-04-10T14:51:54-07:00,0,17
style.css,99,css,f8f3a38b,F3rando,2026-04-10,14:51:54,-07:00,2026-04-10T14:51:54-07:00,0,20
style.css,100,css,f8f3a38b,F3rando,2026-04-10,14:51:54,-07:00,2026-04-10T14:51:54-07:00,0,0
style.css,101,css,f8f3a38b,F3rando,2026-04-10,14:51:54,-07:00,2026-04-10T14:51:54-07:00,0,0
style.css,102,css,f8f3a38b,F3rando,2026-04-10,14:51:54,-07:00,2026-04-10T14:51:54-07:00,0,26
style.css,103,css,f8f3a38b,F3rando,2026-04-10,14:51:54,-07:00,2026-04-10T14:51:54-07:00,0,14
style.css,104,css,f8f3a38b,F3rando,2026-04-10,14:51:54,-07:00,2026-04-10T14:51:54-07:00,0,0
style.css,105,css,f8f3a38b,F3rando,2026-04-10,14:51:54,-07:00,2026-04-10T14:51:54-07:00,0,0
style.css,106,css,00459eb6,F3rando,2026-04-24,12:12:29,-07:00,2026-04-24T12:12:29-07:00,0,42
style.css,107,css,00459eb6,F3rando,2026-04-24,12:12:29,-07:00,2026-04-24T12:12:29-07:00,0,10
style.css,108,css,f8f3a38b,F3rando,2026-04-10,14:51:54,-07:00,2026-04-10T14:51:54-07:00,0,13
style.css,109,css,00459eb6,F3rando,2026-04-24,12:12:29,-07:00,2026-04-24T12:12:29-07:00,0,54
style.css,110,css,00459eb6,F3rando,2026-04-24,12:12:29,-07:00,2026-04-24T12:12:29-07:00,0,34
style.css,111,css,f8f3a38b,F3rando,2026-04-10,14:51:54,-07:00,2026-04-10T14:51:54-07:00,0,8
style.css,112,css,f8f3a38b,F3rando,2026-04-10,14:51:54,-07:00,2026-04-10T14:51:54-07:00,0,15
style.css,113,css,00459eb6,F3rando,2026-04-24,12:12:29,-07:00,2026-04-24T12:12:29-07:00,0,11
style.css,114,css,f8f3a38b,F3rando,2026-04-10,14:51:54,-07:00,2026-04-10T14:51:54-07:00,0,0
style.css,115,css,b036012a,F3rando,2026-04-30,19:56:26,-07:00,2026-04-30T19:56:26-07:00,0,52
style.css,116,css,b036012a,F3rando,2026-04-30,19:56:26,-07:00,2026-04-30T19:56:26-07:00,0,11
style.css,117,css,b036012a,F3rando,2026-04-30,19:56:26,-07:00,2026-04-30T19:56:26-07:00,0,13
style.css,118,css,b036012a,F3rando,2026-04-30,19:56:26,-07:00,2026-04-30T19:56:26-07:00,0,15
style.css,119,css,b036012a,F3rando,2026-04-30,19:56:26,-07:00,2026-04-30T19:56:26-07:00,0,23
style.css,120,css,b036012a,F3rando,2026-04-30,19:56:26,-07:00,2026-04-30T19:56:26-07:00,0,11
style.css,121,css,b036012a,F3rando,2026-04-30,19:56:26,-07:00,2026-04-30T19:56:26-07:00,0,17
style.css,122,css,b036012a,F3rando,2026-04-30,19:56:26,-07:00,2026-04-30T19:56:26-07:00,0,0
style.css,123,css,b036012a,F3rando,2026-04-30,19:56:26,-07:00,2026-04-30T19:56:26-07:00,0,0
style.css,124,css,b036012a,F3rando,2026-04-30,19:56:26,-07:00,2026-04-30T19:56:26-07:00,0,19
style.css,125,css,b036012a,F3rando,2026-04-30,19:56:26,-07:00,2026-04-30T19:56:26-07:00,0,15
style.css,126,css,b036012a,F3rando,2026-04-30,19:56:26,-07:00,2026-04-30T19:56:26-07:00,0,14
style.css,127,css,b036012a,F3rando,2026-04-30,19:56:26,-07:00,2026-04-30T19:56:26-07:00,0,17
style.css,128,css,b036012a,F3rando,2026-04-30,19:56:26,-07:00,2026-04-30T19:56:26-07:00,0,0
style.css,129,css,b036012a,F3rando,2026-04-30,19:56:26,-07:00,2026-04-30T19:56:26-07:00,0,0
style.css,130,css,b036012a,F3rando,2026-04-30,19:56:26,-07:00,2026-04-30T19:56:26-07:00,0,48
style.css,131,css,b036012a,F3rando,2026-04-30,19:56:26,-07:00,2026-04-30T19:56:26-07:00,0,24
style.css,132,css,b036012a,F3rando,2026-04-30,19:56:26,-07:00,2026-04-30T19:56:26-07:00,0,15
style.css,133,css,b036012a,F3rando,2026-04-30,19:56:26,-07:00,2026-04-30T19:56:26-07:00,0,17
style.css,134,css,b036012a,F3rando,2026-04-30,19:56:26,-07:00,2026-04-30T19:56:26-07:00,0,0
style.css,135,css,b036012a,F3rando,2026-04-30,19:56:26,-07:00,2026-04-30T19:56:26-07:00,0,0
style.css,136,css,b036012a,F3rando,2026-04-30,19:56:26,-07:00,2026-04-30T19:56:26-07:00,0,52
style.css,137,css,b036012a,F3rando,2026-04-30,19:56:26,-07:00,2026-04-30T19:56:26-07:00,0,12
style.css,138,css,b036012a,F3rando,2026-04-30,19:56:26,-07:00,2026-04-30T19:56:26-07:00,0,0
style.css,139,css,b036012a,F3rando,2026-04-30,19:56:26,-07:00,2026-04-30T19:56:26-07:00,0,0
style.css,140,css,b036012a,F3rando,2026-04-30,19:56:26,-07:00,2026-04-30T19:56:26-07:00,0,10
style.css,141,css,b036012a,F3rando,2026-04-30,19:56:26,-07:00,2026-04-30T19:56:26-07:00,0,36
style.css,142,css,b036012a,F3rando,2026-04-30,19:56:26,-07:00,2026-04-30T19:56:26-07:00,0,0
style.css,143,css,b036012a,F3rando,2026-04-30,19:56:26,-07:00,2026-04-30T19:56:26-07:00,0,0
style.css,144,css,b036012a,F3rando,2026-04-30,19:56:26,-07:00,2026-04-30T19:56:26-07:00,0,19
style.css,145,css,b036012a,F3rando,2026-04-30,19:56:26,-07:00,2026-04-30T19:56:26-07:00,0,18
style.css,146,css,b036012a,F3rando,2026-04-30,19:56:26,-07:00,2026-04-30T19:56:26-07:00,0,0
style.css,147,css,b036012a,F3rando,2026-04-30,19:56:26,-07:00,2026-04-30T19:56:26-07:00,0,0
style.css,148,css,b036012a,F3rando,2026-04-30,19:56:26,-07:00,2026-04-30T19:56:26-07:00,0,22
style.css,149,css,b036012a,F3rando,2026-04-30,19:56:26,-07:00,2026-04-30T19:56:26-07:00,0,16
style.css,150,css,b036012a,F3rando,2026-04-30,19:56:26,-07:00,2026-04-30T19:56:26-07:00,0,0
style.css,151,css,f8f3a38b,F3rando,2026-04-10,14:51:54,-07:00,2026-04-10T14:51:54-07:00,0,0
style.css,152,css,b036012a,F3rando,2026-04-30,19:56:26,-07:00,2026-04-30T19:56:26-07:00,0,8
style.css,153,css,b036012a,F3rando,2026-04-30,19:56:26,-07:00,2026-04-30T19:56:26-07:00,0,7
style.css,154,css,b036012a,F3rando,2026-04-30,19:56:26,-07:00,2026-04-30T19:56:26-07:00,0,26
style.css,155,css,b036012a,F3rando,2026-04-30,19:56:26,-07:00,2026-04-30T19:56:26-07:00,0,13
style.css,156,css,b036012a,F3rando,2026-04-30,19:56:26,-07:00,2026-04-30T19:56:26-07:00,0,58
style.css,157,css,b036012a,F3rando,2026-04-30,19:56:26,-07:00,2026-04-30T19:56:26-07:00,0,20
style.css,158,css,b036012a,F3rando,2026-04-30,19:56:26,-07:00,2026-04-30T19:56:26-07:00,0,16
style.css,159,css,b036012a,F3rando,2026-04-30,19:56:26,-07:00,2026-04-30T19:56:26-07:00,0,9
style.css,160,css,b036012a,F3rando,2026-04-30,19:56:26,-07:00,2026-04-30T19:56:26-07:00,0,21
style.css,161,css,b036012a,F3rando,2026-04-30,19:56:26,-07:00,2026-04-30T19:56:26-07:00,0,40
style.css,162,css,b036012a,F3rando,2026-04-30,19:56:26,-07:00,2026-04-30T19:56:26-07:00,0,18
style.css,163,css,b036012a,F3rando,2026-04-30,19:56:26,-07:00,2026-04-30T19:56:26-07:00,0,0
style.css,164,css,b036012a,F3rando,2026-04-30,19:56:26,-07:00,2026-04-30T19:56:26-07:00,0,0
style.css,165,css,b036012a,F3rando,2026-04-30,19:56:26,-07:00,2026-04-30T19:56:26-07:00,0,13
style.css,166,css,b036012a,F3rando,2026-04-30,19:56:26,-07:00,2026-04-30T19:56:26-07:00,0,13
style.css,167,css,b036012a,F3rando,2026-04-30,19:56:26,-07:00,2026-04-30T19:56:26-07:00,0,19
style.css,168,css,b036012a,F3rando,2026-04-30,19:56:26,-07:00,2026-04-30T19:56:26-07:00,0,11
style.css,169,css,b036012a,F3rando,2026-04-30,19:56:26,-07:00,2026-04-30T19:56:26-07:00,0,0
style.css,170,css,b036012a,F3rando,2026-04-30,19:56:26,-07:00,2026-04-30T19:56:26-07:00,0,0
style.css,171,css,b036012a,F3rando,2026-04-30,19:56:26,-07:00,2026-04-30T19:56:26-07:00,0,16
style.css,172,css,b036012a,F3rando,2026-04-30,19:56:26,-07:00,2026-04-30T19:56:26-07:00,0,21
style.css,173,css,b036012a,F3rando,2026-04-30,19:56:26,-07:00,2026-04-30T19:56:26-07:00,0,10
style.css,174,css,b036012a,F3rando,2026-04-30,19:56:26,-07:00,2026-04-30T19:56:26-07:00,0,11
style.css,175,css,b036012a,F3rando,2026-04-30,19:56:26,-07:00,2026-04-30T19:56:26-07:00,0,19
style.css,176,css,b036012a,F3rando,2026-04-30,19:56:26,-07:00,2026-04-30T19:56:26-07:00,0,43
style.css,177,css,b036012a,F3rando,2026-04-30,19:56:26,-07:00,2026-04-30T19:56:26-07:00,0,18
style.css,178,css,b036012a,F3rando,2026-04-30,19:56:26,-07:00,2026-04-30T19:56:26-07:00,0,14
style.css,179,css,b036012a,F3rando,2026-04-30,19:56:26,-07:00,2026-04-30T19:56:26-07:00,0,0
style.css,180,css,00459eb6,F3rando,2026-04-24,12:12:29,-07:00,2026-04-24T12:12:29-07:00,0,56
style.css,181,css,00459eb6,F3rando,2026-04-24,12:12:29,-07:00,2026-04-24T12:12:29-07:00,0,18
style.css,182,css,00459eb6,F3rando,2026-04-24,12:12:29,-07:00,2026-04-24T12:12:29-07:00,0,13
style.css,183,css,00459eb6,F3rando,2026-04-24,12:12:29,-07:00,2026-04-24T12:12:29-07:00,0,22
style.css,184,css,00459eb6,F3rando,2026-04-24,12:12:29,-07:00,2026-04-24T12:12:29-07:00,0,10
style.css,185,css,00459eb6,F3rando,2026-04-24,12:12:29,-07:00,2026-04-24T12:12:29-07:00,0,75
style.css,186,css,00459eb6,F3rando,2026-04-24,12:12:29,-07:00,2026-04-24T12:12:29-07:00,0,12
style.css,187,css,f8f3a38b,F3rando,2026-04-10,14:51:54,-07:00,2026-04-10T14:51:54-07:00,0,0
style.css,188,css,f8f3a38b,F3rando,2026-04-10,14:51:54,-07:00,2026-04-10T14:51:54-07:00,0,0
style.css,189,css,00459eb6,F3rando,2026-04-24,12:12:29,-07:00,2026-04-24T12:12:29-07:00,0,57
style.css,190,css,00459eb6,F3rando,2026-04-24,12:12:29,-07:00,2026-04-24T12:12:29-07:00,0,21
style.css,191,css,00459eb6,F3rando,2026-04-24,12:12:29,-07:00,2026-04-24T12:12:29-07:00,0,9
style.css,192,css,00459eb6,F3rando,2026-04-24,12:12:29,-07:00,2026-04-24T12:12:29-07:00,0,17
style.css,193,css,00459eb6,F3rando,2026-04-24,12:12:29,-07:00,2026-04-24T12:12:29-07:00,0,16
style.css,194,css,f8f3a38b,F3rando,2026-04-10,14:51:54,-07:00,2026-04-10T14:51:54-07:00,0,0
style.css,195,css,f8f3a38b,F3rando,2026-04-10,14:51:54,-07:00,2026-04-10T14:51:54-07:00,0,0
style.css,196,css,00459eb6,F3rando,2026-04-24,12:12:29,-07:00,2026-04-24T12:12:29-07:00,0,20
style.css,197,css,00459eb6,F3rando,2026-04-24,12:12:29,-07:00,2026-04-24T12:12:29-07:00,0,9
style.css,198,css,00459eb6,F3rando,2026-04-24,12:12:29,-07:00,2026-04-24T12:12:29-07:00,0,17
style.css,199,css,00459eb6,F3rando,2026-04-24,12:12:29,-07:00,2026-04-24T12:12:29-07:00,0,14
style.css,200,css,f8f3a38b,F3rando,2026-04-10,14:51:54,-07:00,2026-04-10T14:51:54-07:00,0,0
style.css,201,css,f8f3a38b,F3rando,2026-04-10,14:51:54,-07:00,2026-04-10T14:51:54-07:00,0,0
style.css,202,css,b036012a,F3rando,2026-04-30,19:56:26,-07:00,2026-04-30T19:56:26-07:00,0,24
style.css,203,css,b036012a,F3rando,2026-04-30,19:56:26,-07:00,2026-04-30T19:56:26-07:00,0,11
style.css,204,css,b036012a,F3rando,2026-04-30,19:56:26,-07:00,2026-04-30T19:56:26-07:00,0,100
style.css,205,css,b036012a,F3rando,2026-04-30,19:56:26,-07:00,2026-04-30T19:56:26-07:00,0,35
style.css,206,css,b036012a,F3rando,2026-04-30,19:56:26,-07:00,2026-04-30T19:56:26-07:00,0,16
style.css,207,css,b036012a,F3rando,2026-04-30,19:56:26,-07:00,2026-04-30T19:56:26-07:00,0,0
style.css,208,css,b036012a,F3rando,2026-04-30,19:56:26,-07:00,2026-04-30T19:56:26-07:00,0,0
style.css,209,css,d3cbc5be,F3rando,2026-05-20,23:00:53,-07:00,2026-05-20T23:00:53-07:00,0,24
style.css,210,css,d3cbc5be,F3rando,2026-05-20,23:00:53,-07:00,2026-05-20T23:00:53-07:00,0,26
style.css,211,css,d3cbc5be,F3rando,2026-05-20,23:00:53,-07:00,2026-05-20T23:00:53-07:00,0,16
style.css,212,css,d3cbc5be,F3rando,2026-05-20,23:00:53,-07:00,2026-05-20T23:00:53-07:00,0,33
style.css,213,css,d3cbc5be,F3rando,2026-05-20,23:00:53,-07:00,2026-05-20T23:00:53-07:00,0,29
style.css,214,css,d3cbc5be,F3rando,2026-05-20,23:00:53,-07:00,2026-05-20T23:00:53-07:00,0,0
style.css,215,css,d3cbc5be,F3rando,2026-05-20,23:00:53,-07:00,2026-05-20T23:00:53-07:00,0,0
style.css,216,css,00459eb6,F3rando,2026-04-24,12:12:29,-07:00,2026-04-24T12:12:29-07:00,0,22
style.css,217,css,00459eb6,F3rando,2026-04-24,12:12:29,-07:00,2026-04-24T12:12:29-07:00,0,54
style.css,218,css,00459eb6,F3rando,2026-04-24,12:12:29,-07:00,2026-04-24T12:12:29-07:00,0,15
style.css,219,css,00459eb6,F3rando,2026-04-24,12:12:29,-07:00,2026-04-24T12:12:29-07:00,0,63
style.css,220,css,00459eb6,F3rando,2026-04-24,12:12:29,-07:00,2026-04-24T12:12:29-07:00,0,17
style.css,221,css,00459eb6,F3rando,2026-04-24,12:12:29,-07:00,2026-04-24T12:12:29-07:00,0,18
style.css,222,css,00459eb6,F3rando,2026-04-24,12:12:29,-07:00,2026-04-24T12:12:29-07:00,0,14
style.css,223,css,f8f3a38b,F3rando,2026-04-10,14:51:54,-07:00,2026-04-10T14:51:54-07:00,0,0
style.css,224,css,f8f3a38b,F3rando,2026-04-10,14:51:54,-07:00,2026-04-10T14:51:54-07:00,0,0
style.css,225,css,00459eb6,F3rando,2026-04-24,12:12:29,-07:00,2026-04-24T12:12:29-07:00,0,29
style.css,226,css,00459eb6,F3rando,2026-04-24,12:12:29,-07:00,2026-04-24T12:12:29-07:00,0,17
style.css,227,css,00459eb6,F3rando,2026-04-24,12:12:29,-07:00,2026-04-24T12:12:29-07:00,0,18
style.css,228,css,00459eb6,F3rando,2026-04-24,12:12:29,-07:00,2026-04-24T12:12:29-07:00,0,9
style.css,229,css,00459eb6,F3rando,2026-04-24,12:12:29,-07:00,2026-04-24T12:12:29-07:00,0,21
style.css,230,css,00459eb6,F3rando,2026-04-24,12:12:29,-07:00,2026-04-24T12:12:29-07:00,0,24
style.css,231,css,00459eb6,F3rando,2026-04-24,12:12:29,-07:00,2026-04-24T12:12:29-07:00,0,37
style.css,232,css,00459eb6,F3rando,2026-04-24,12:12:29,-07:00,2026-04-24T12:12:29-07:00,0,17
style.css,233,css,00459eb6,F3rando,2026-04-24,12:12:29,-07:00,2026-04-24T12:12:29-07:00,0,44
style.css,234,css,00459eb6,F3rando,2026-04-24,12:12:29,-07:00,2026-04-24T12:12:29-07:00,0,0
style.css,235,css,00459eb6,F3rando,2026-04-24,12:12:29,-07:00,2026-04-24T12:12:29-07:00,0,0
style.css,236,css,00459eb6,F3rando,2026-04-24,12:12:29,-07:00,2026-04-24T12:12:29-07:00,0,18
style.css,237,css,00459eb6,F3rando,2026-04-24,12:12:29,-07:00,2026-04-24T12:12:29-07:00,0,11
style.css,238,css,00459eb6,F3rando,2026-04-24,12:12:29,-07:00,2026-04-24T12:12:29-07:00,0,17
style.css,239,css,00459eb6,F3rando,2026-04-24,12:12:29,-07:00,2026-04-24T12:12:29-07:00,0,22
style.css,240,css,00459eb6,F3rando,2026-04-24,12:12:29,-07:00,2026-04-24T12:12:29-07:00,0,25
style.css,241,css,00459eb6,F3rando,2026-04-24,12:12:29,-07:00,2026-04-24T12:12:29-07:00,0,12
style.css,242,css,00459eb6,F3rando,2026-04-24,12:12:29,-07:00,2026-04-24T12:12:29-07:00,0,9
style.css,243,css,f8f3a38b,F3rando,2026-04-10,14:51:54,-07:00,2026-04-10T14:51:54-07:00,0,0
style.css,244,css,f8f3a38b,F3rando,2026-04-10,14:51:54,-07:00,2026-04-10T14:51:54-07:00,0,0
style.css,245,css,00459eb6,F3rando,2026-04-24,12:12:29,-07:00,2026-04-24T12:12:29-07:00,0,18
style.css,246,css,00459eb6,F3rando,2026-04-24,12:12:29,-07:00,2026-04-24T12:12:29-07:00,0,11
style.css,247,css,00459eb6,F3rando,2026-04-24,12:12:29,-07:00,2026-04-24T12:12:29-07:00,0,9
style.css,248,css,00459eb6,F3rando,2026-04-24,12:12:29,-07:00,2026-04-24T12:12:29-07:00,0,17
style.css,249,css,00459eb6,F3rando,2026-04-24,12:12:29,-07:00,2026-04-24T12:12:29-07:00,0,16
style.css,250,css,00459eb6,F3rando,2026-04-24,12:12:29,-07:00,2026-04-24T12:12:29-07:00,0,14
style.css,251,css,06aeed61,F3rando,2026-04-10,17:08:37,-07:00,2026-04-10T17:08:37-07:00,0,0
style.css,252,css,06aeed61,F3rando,2026-04-10,17:08:37,-07:00,2026-04-10T17:08:37-07:00,0,0
style.css,253,css,00459eb6,F3rando,2026-04-24,12:12:29,-07:00,2026-04-24T12:12:29-07:00,0,26
style.css,254,css,00459eb6,F3rando,2026-04-24,12:12:29,-07:00,2026-04-24T12:12:29-07:00,0,18
style.css,255,css,00459eb6,F3rando,2026-04-24,12:12:29,-07:00,2026-04-24T12:12:29-07:00,0,37
style.css,256,css,00459eb6,F3rando,2026-04-24,12:12:29,-07:00,2026-04-24T12:12:29-07:00,0,20
style.css,257,css,00459eb6,F3rando,2026-04-24,12:12:29,-07:00,2026-04-24T12:12:29-07:00,0,0
style.css,258,css,00459eb6,F3rando,2026-04-24,12:12:29,-07:00,2026-04-24T12:12:29-07:00,0,0
style.css,259,css,92007575,F3rando,2026-05-08,18:11:00,-07:00,2026-05-08T18:11:00-07:00,0,0
style.css,260,css,92007575,F3rando,2026-05-08,18:11:00,-07:00,2026-05-08T18:11:00-07:00,0,37
style.css,261,css,92007575,F3rando,2026-05-08,18:11:00,-07:00,2026-05-08T18:11:00-07:00,0,14
style.css,262,css,92007575,F3rando,2026-05-08,18:11:00,-07:00,2026-05-08T18:11:00-07:00,0,18
style.css,263,css,92007575,F3rando,2026-05-08,18:11:00,-07:00,2026-05-08T18:11:00-07:00,0,21
style.css,264,css,92007575,F3rando,2026-05-08,18:11:00,-07:00,2026-05-08T18:11:00-07:00,0,13
style.css,265,css,92007575,F3rando,2026-05-08,18:11:00,-07:00,2026-05-08T18:11:00-07:00,0,45
style.css,266,css,92007575,F3rando,2026-05-08,18:11:00,-07:00,2026-05-08T18:11:00-07:00,0,19
style.css,267,css,92007575,F3rando,2026-05-08,18:11:00,-07:00,2026-05-08T18:11:00-07:00,0,21
style.css,268,css,92007575,F3rando,2026-05-08,18:11:00,-07:00,2026-05-08T18:11:00-07:00,0,40
style.css,269,css,92007575,F3rando,2026-05-08,18:11:00,-07:00,2026-05-08T18:11:00-07:00,0,18
style.css,270,css,92007575,F3rando,2026-05-08,18:11:00,-07:00,2026-05-08T18:11:00-07:00,0,60
style.css,271,css,92007575,F3rando,2026-05-08,18:11:00,-07:00,2026-05-08T18:11:00-07:00,0,0
style.css,272,css,92007575,F3rando,2026-05-08,18:11:00,-07:00,2026-05-08T18:11:00-07:00,0,0
style.css,273,css,92007575,F3rando,2026-05-08,18:11:00,-07:00,2026-05-08T18:11:00-07:00,0,17
style.css,274,css,92007575,F3rando,2026-05-08,18:11:00,-07:00,2026-05-08T18:11:00-07:00,0,9
style.css,275,css,92007575,F3rando,2026-05-08,18:11:00,-07:00,2026-05-08T18:11:00-07:00,0,17
style.css,276,css,92007575,F3rando,2026-05-08,18:11:00,-07:00,2026-05-08T18:11:00-07:00,0,22
style.css,277,css,92007575,F3rando,2026-05-08,18:11:00,-07:00,2026-05-08T18:11:00-07:00,0,25
style.css,278,css,92007575,F3rando,2026-05-08,18:11:00,-07:00,2026-05-08T18:11:00-07:00,0,13
style.css,279,css,92007575,F3rando,2026-05-08,18:11:00,-07:00,2026-05-08T18:11:00-07:00,0,0
style.css,280,css,92007575,F3rando,2026-05-08,18:11:00,-07:00,2026-05-08T18:11:00-07:00,0,0
style.css,281,css,92007575,F3rando,2026-05-08,18:11:00,-07:00,2026-05-08T18:11:00-07:00,0,17
style.css,282,css,92007575,F3rando,2026-05-08,18:11:00,-07:00,2026-05-08T18:11:00-07:00,0,9
style.css,283,css,92007575,F3rando,2026-05-08,18:11:00,-07:00,2026-05-08T18:11:00-07:00,0,18
style.css,284,css,92007575,F3rando,2026-05-08,18:11:00,-07:00,2026-05-08T18:11:00-07:00,0,16
style.css,285,css,92007575,F3rando,2026-05-08,18:11:00,-07:00,2026-05-08T18:11:00-07:00,0,16
style.css,286,css,92007575,F3rando,2026-05-08,18:11:00,-07:00,2026-05-08T18:11:00-07:00,0,0
style.css,287,css,92007575,F3rando,2026-05-08,18:11:00,-07:00,2026-05-08T18:11:00-07:00,0,0
style.css,288,css,00000000,Not Committed Yet,2026-05-21,13:25:34,-07:00,2026-05-21T13:25:34-07:00,0,37
style.css,289,css,00000000,Not Committed Yet,2026-05-21,13:25:34,-07:00,2026-05-21T13:25:34-07:00,0,25
style.css,290,css,00000000,Not Committed Yet,2026-05-21,13:25:34,-07:00,2026-05-21T13:25:34-07:00,0,13
style.css,291,css,00000000,Not Committed Yet,2026-05-21,13:25:34,-07:00,2026-05-21T13:25:34-07:00,0,21
style.css,292,css,00000000,Not Committed Yet,2026-05-21,13:25:34,-07:00,2026-05-21T13:25:34-07:00,0,17
style.css,293,css,00000000,Not Committed Yet,2026-05-21,13:25:34,-07:00,2026-05-21T13:25:34-07:00,0,0
style.css,294,css,00000000,Not Committed Yet,2026-05-21,13:25:34,-07:00,2026-05-21T13:25:34-07:00,0,0
style.css,295,css,00000000,Not Committed Yet,2026-05-21,13:25:34,-07:00,2026-05-21T13:25:34-07:00,0,31
style.css,296,css,00000000,Not Committed Yet,2026-05-21,13:25:34,-07:00,2026-05-21T13:25:34-07:00,0,13
style.css,297,css,00000000,Not Committed Yet,2026-05-21,13:25:34,-07:00,2026-05-21T13:25:34-07:00,0,7
style.css,298,css,00000000,Not Committed Yet,2026-05-21,13:25:34,-07:00,2026-05-21T13:25:34-07:00,0,21
style.css,299,css,00000000,Not Committed Yet,2026-05-21,13:25:34,-07:00,2026-05-21T13:25:34-07:00,0,12
style.css,300,css,00000000,Not Committed Yet,2026-05-21,13:25:34,-07:00,2026-05-21T13:25:34-07:00,0,0
style.css,301,css,00000000,Not Committed Yet,2026-05-21,13:25:34,-07:00,2026-05-21T13:25:34-07:00,0,0
style.css,302,css,00000000,Not Committed Yet,2026-05-21,13:25:34,-07:00,2026-05-21T13:25:34-07:00,0,45
style.css,303,css,00000000,Not Committed Yet,2026-05-21,13:25:34,-07:00,2026-05-21T13:25:34-07:00,0,7
style.css,304,css,00000000,Not Committed Yet,2026-05-21,13:25:34,-07:00,2026-05-21T13:25:34-07:00,0,0
style.css,305,css,00000000,Not Committed Yet,2026-05-21,13:25:34,-07:00,2026-05-21T13:25:34-07:00,0,0
style.css,306,css,00000000,Not Committed Yet,2026-05-21,13:25:34,-07:00,2026-05-21T13:25:34-07:00,0,30
style.css,307,css,00000000,Not Committed Yet,2026-05-21,13:25:34,-07:00,2026-05-21T13:25:34-07:00,0,17
style.css,308,css,00000000,Not Committed Yet,2026-05-21,13:25:34,-07:00,2026-05-21T13:25:34-07:00,0,34
style.css,309,css,00000000,Not Committed Yet,2026-05-21,13:25:34,-07:00,2026-05-21T13:25:34-07:00,0,19
style.css,310,css,00000000,Not Committed Yet,2026-05-21,13:25:34,-07:00,2026-05-21T13:25:34-07:00,0,0
style.css,311,css,00000000,Not Committed Yet,2026-05-21,13:25:34,-07:00,2026-05-21T13:25:34-07:00,0,0
style.css,312,css,92007575,F3rando,2026-05-08,18:11:00,-07:00,2026-05-08T18:11:00-07:00,0,52
style.css,313,css,92007575,F3rando,2026-05-08,18:11:00,-07:00,2026-05-08T18:11:00-07:00,0,23
style.css,314,css,92007575,F3rando,2026-05-08,18:11:00,-07:00,2026-05-08T18:11:00-07:00,0,30
style.css,315,css,92007575,F3rando,2026-05-08,18:11:00,-07:00,2026-05-08T18:11:00-07:00,0,0
style.css,316,css,92007575,F3rando,2026-05-08,18:11:00,-07:00,2026-05-08T18:11:00-07:00,0,0
style.css,317,css,92007575,F3rando,2026-05-08,18:11:00,-07:00,2026-05-08T18:11:00-07:00,0,30
style.css,318,css,92007575,F3rando,2026-05-08,18:11:00,-07:00,2026-05-08T18:11:00-07:00,0,13
style.css,319,css,92007575,F3rando,2026-05-08,18:11:00,-07:00,2026-05-08T18:11:00-07:00,0,0
style.css,320,css,92007575,F3rando,2026-05-08,18:11:00,-07:00,2026-05-08T18:11:00-07:00,0,0
style.css,321,css,92007575,F3rando,2026-05-08,18:11:00,-07:00,2026-05-08T18:11:00-07:00,0,54
style.css,322,css,92007575,F3rando,2026-05-08,18:11:00,-07:00,2026-05-08T18:11:00-07:00,0,8
style.css,323,css,92007575,F3rando,2026-05-08,18:11:00,-07:00,2026-05-08T18:11:00-07:00,0,9
style.css,324,css,92007575,F3rando,2026-05-08,18:11:00,-07:00,2026-05-08T18:11:00-07:00,0,13
style.css,325,css,92007575,F3rando,2026-05-08,18:11:00,-07:00,2026-05-08T18:11:00-07:00,0,31
style.css,326,css,92007575,F3rando,2026-05-08,18:11:00,-07:00,2026-05-08T18:11:00-07:00,0,17
style.css,327,css,92007575,F3rando,2026-05-08,18:11:00,-07:00,2026-05-08T18:11:00-07:00,0,21
style.css,328,css,92007575,F3rando,2026-05-08,18:11:00,-07:00,2026-05-08T18:11:00-07:00,0,26
style.css,329,css,92007575,F3rando,2026-05-08,18:11:00,-07:00,2026-05-08T18:11:00-07:00,0,40
style.css,330,css,92007575,F3rando,2026-05-08,18:11:00,-07:00,2026-05-08T18:11:00-07:00,0,0
style.css,331,css,92007575,F3rando,2026-05-08,18:11:00,-07:00,2026-05-08T18:11:00-07:00,0,0
style.css,332,css,92007575,F3rando,2026-05-08,18:11:00,-07:00,2026-05-08T18:11:00-07:00,0,11
style.css,333,css,92007575,F3rando,2026-05-08,18:11:00,-07:00,2026-05-08T18:11:00-07:00,0,9
style.css,334,css,92007575,F3rando,2026-05-08,18:11:00,-07:00,2026-05-08T18:11:00-07:00,0,18
style.css,335,css,92007575,F3rando,2026-05-08,18:11:00,-07:00,2026-05-08T18:11:00-07:00,0,22
style.css,336,css,92007575,F3rando,2026-05-08,18:11:00,-07:00,2026-05-08T18:11:00-07:00,0,25
style.css,337,css,92007575,F3rando,2026-05-08,18:11:00,-07:00,2026-05-08T18:11:00-07:00,0,13
style.css,338,css,92007575,F3rando,2026-05-08,18:11:00,-07:00,2026-05-08T18:11:00-07:00,0,0
style.css,339,css,92007575,F3rando,2026-05-08,18:11:00,-07:00,2026-05-08T18:11:00-07:00,0,0
style.css,340,css,92007575,F3rando,2026-05-08,18:11:00,-07:00,2026-05-08T18:11:00-07:00,0,11
style.css,341,css,92007575,F3rando,2026-05-08,18:11:00,-07:00,2026-05-08T18:11:00-07:00,0,9
style.css,342,css,92007575,F3rando,2026-05-08,18:11:00,-07:00,2026-05-08T18:11:00-07:00,0,16
style.css,343,css,92007575,F3rando,2026-05-08,18:11:00,-07:00,2026-05-08T18:11:00-07:00,0,0
style.css,344,css,92007575,F3rando,2026-05-08,18:11:00,-07:00,2026-05-08T18:11:00-07:00,0,0
style.css,345,css,92007575,F3rando,2026-05-08,18:11:00,-07:00,2026-05-08T18:11:00-07:00,0,43
style.css,346,css,92007575,F3rando,2026-05-08,18:11:00,-07:00,2026-05-08T18:11:00-07:00,0,10
style.css,347,css,92007575,F3rando,2026-05-08,18:11:00,-07:00,2026-05-08T18:11:00-07:00,0,18
style.css,348,css,92007575,F3rando,2026-05-08,18:11:00,-07:00,2026-05-08T18:11:00-07:00,0,0
style.css,349,css,92007575,F3rando,2026-05-08,18:11:00,-07:00,2026-05-08T18:11:00-07:00,0,0
style.css,350,css,92007575,F3rando,2026-05-08,18:11:00,-07:00,2026-05-08T18:11:00-07:00,0,95
style.css,351,css,92007575,F3rando,2026-05-08,18:11:00,-07:00,2026-05-08T18:11:00-07:00,0,30
style.css,352,css,92007575,F3rando,2026-05-08,18:11:00,-07:00,2026-05-08T18:11:00-07:00,0,10
style.css,353,css,92007575,F3rando,2026-05-08,18:11:00,-07:00,2026-05-08T18:11:00-07:00,0,19
style.css,354,css,92007575,F3rando,2026-05-08,18:11:00,-07:00,2026-05-08T18:11:00-07:00,0,0
style.css,355,css,92007575,F3rando,2026-05-08,18:11:00,-07:00,2026-05-08T18:11:00-07:00,0,0
style.css,356,css,92007575,F3rando,2026-05-08,18:11:00,-07:00,2026-05-08T18:11:00-07:00,0,9
style.css,357,css,92007575,F3rando,2026-05-08,18:11:00,-07:00,2026-05-08T18:11:00-07:00,0,15
style.css,358,css,92007575,F3rando,2026-05-08,18:11:00,-07:00,2026-05-08T18:11:00-07:00,0,8
style.css,359,css,92007575,F3rando,2026-05-08,18:11:00,-07:00,2026-05-08T18:11:00-07:00,0,9
style.css,360,css,92007575,F3rando,2026-05-08,18:11:00,-07:00,2026-05-08T18:11:00-07:00,0,12
style.css,361,css,92007575,F3rando,2026-05-08,18:11:00,-07:00,2026-05-08T18:11:00-07:00,0,41
style.css,362,css,92007575,F3rando,2026-05-08,18:11:00,-07:00,2026-05-08T18:11:00-07:00,0,21
style.css,363,css,92007575,F3rando,2026-05-08,18:11:00,-07:00,2026-05-08T18:11:00-07:00,0,19
style.css,364,css,92007575,F3rando,2026-05-08,18:11:00,-07:00,2026-05-08T18:11:00-07:00,0,56
style.css,365,css,92007575,F3rando,2026-05-08,18:11:00,-07:00,2026-05-08T18:11:00-07:00,0,42
style.css,366,css,92007575,F3rando,2026-05-08,18:11:00,-07:00,2026-05-08T18:11:00-07:00,0,40
style.css,367,css,92007575,F3rando,2026-05-08,18:11:00,-07:00,2026-05-08T18:11:00-07:00,0,103
style.css,368,css,92007575,F3rando,2026-05-08,18:11:00,-07:00,2026-05-08T18:11:00-07:00,0,20
style.css,369,css,92007575,F3rando,2026-05-08,18:11:00,-07:00,2026-05-08T18:11:00-07:00,0,0
style.css,370,css,92007575,F3rando,2026-05-08,18:11:00,-07:00,2026-05-08T18:11:00-07:00,0,0
style.css,371,css,92007575,F3rando,2026-05-08,18:11:00,-07:00,2026-05-08T18:11:00-07:00,0,36
style.css,372,css,92007575,F3rando,2026-05-08,18:11:00,-07:00,2026-05-08T18:11:00-07:00,0,9
style.css,373,css,92007575,F3rando,2026-05-08,18:11:00,-07:00,2026-05-08T18:11:00-07:00,0,56
style.css,374,css,92007575,F3rando,2026-05-08,18:11:00,-07:00,2026-05-08T18:11:00-07:00,0,42
style.css,375,css,92007575,F3rando,2026-05-08,18:11:00,-07:00,2026-05-08T18:11:00-07:00,0,0
style.css,376,css,92007575,F3rando,2026-05-08,18:11:00,-07:00,2026-05-08T18:11:00-07:00,0,0
style.css,377,css,92007575,F3rando,2026-05-08,18:11:00,-07:00,2026-05-08T18:11:00-07:00,0,0
style.css,378,css,92007575,F3rando,2026-05-08,18:11:00,-07:00,2026-05-08T18:11:00-07:00,0,14
style.css,379,css,92007575,F3rando,2026-05-08,18:11:00,-07:00,2026-05-08T18:11:00-07:00,0,17
style.css,380,css,92007575,F3rando,2026-05-08,18:11:00,-07:00,2026-05-08T18:11:00-07:00,0,24
style.css,381,css,92007575,F3rando,2026-05-08,18:11:00,-07:00,2026-05-08T18:11:00-07:00,0,23
style.css,382,css,00000000,Not Committed Yet,2026-05-21,13:25:34,-07:00,2026-05-21T13:25:34-07:00,0,0
style.css,383,css,00000000,Not Committed Yet,2026-05-21,13:25:34,-07:00,2026-05-21T13:25:34-07:00,0,16
style.css,384,css,00000000,Not Committed Yet,2026-05-21,13:25:34,-07:00,2026-05-21T13:25:34-07:00,0,4
style.css,385,css,00000000,Not Committed Yet,2026-05-21,13:25:34,-07:00,2026-05-21T13:25:34-07:00,0,0
style.css,386,css,92007575,F3rando,2026-05-08,18:11:00,-07:00,2026-05-08T18:11:00-07:00,0,0
style.css,387,css,92007575,F3rando,2026-05-08,18:11:00,-07:00,2026-05-08T18:11:00-07:00,0,0
style.css,388,css,92007575,F3rando,2026-05-08,18:11:00,-07:00,2026-05-08T18:11:00-07:00,0,20
style.css,389,css,92007575,F3rando,2026-05-08,18:11:00,-07:00,2026-05-08T18:11:00-07:00,0,21
style.css,390,css,92007575,F3rando,2026-05-08,18:11:00,-07:00,2026-05-08T18:11:00-07:00,0,0
style.css,391,css,92007575,F3rando,2026-05-08,18:11:00,-07:00,2026-05-08T18:11:00-07:00,0,0
style.css,392,css,92007575,F3rando,2026-05-08,18:11:00,-07:00,2026-05-08T18:11:00-07:00,0,23
style.css,393,css,92007575,F3rando,2026-05-08,18:11:00,-07:00,2026-05-08T18:11:00-07:00,0,13
style.css,394,css,92007575,F3rando,2026-05-08,18:11:00,-07:00,2026-05-08T18:11:00-07:00,0,0
style.css,395,css,92007575,F3rando,2026-05-08,18:11:00,-07:00,2026-05-08T18:11:00-07:00,0,0
style.css,396,css,92007575,F3rando,2026-05-08,18:11:00,-07:00,2026-05-08T18:11:00-07:00,0,71
style.css,397,css,92007575,F3rando,2026-05-08,18:11:00,-07:00,2026-05-08T18:11:00-07:00,0,25
style.css,398,css,92007575,F3rando,2026-05-08,18:11:00,-07:00,2026-05-08T18:11:00-07:00,0,3
style.css,399,css,92007575,F3rando,2026-05-08,18:11:00,-07:00,2026-05-08T18:11:00-07:00,0,21
style.css,400,css,92007575,F3rando,2026-05-08,18:11:00,-07:00,2026-05-08T18:11:00-07:00,0,0
style.css,401,css,92007575,F3rando,2026-05-08,18:11:00,-07:00,2026-05-08T18:11:00-07:00,0,0
style.css,402,css,92007575,F3rando,2026-05-08,18:11:00,-07:00,2026-05-08T18:11:00-07:00,0,0
style.css,403,css,92007575,F3rando,2026-05-08,18:11:00,-07:00,2026-05-08T18:11:00-07:00,0,18
style.css,404,css,92007575,F3rando,2026-05-08,18:11:00,-07:00,2026-05-08T18:11:00-07:00,0,17
style.css,405,css,92007575,F3rando,2026-05-08,18:11:00,-07:00,2026-05-08T18:11:00-07:00,0,13
style.css,406,css,92007575,F3rando,2026-05-08,18:11:00,-07:00,2026-05-08T18:11:00-07:00,0,19
style.css,407,css,92007575,F3rando,2026-05-08,18:11:00,-07:00,2026-05-08T18:11:00-07:00,0,21
style.css,408,css,92007575,F3rando,2026-05-08,18:11:00,-07:00,2026-05-08T18:11:00-07:00,0,43
style.css,409,css,92007575,F3rando,2026-05-08,18:11:00,-07:00,2026-05-08T18:11:00-07:00,0,0
style.css,410,css,92007575,F3rando,2026-05-08,18:11:00,-07:00,2026-05-08T18:11:00-07:00,0,0
style.css,411,css,92007575,F3rando,2026-05-08,18:11:00,-07:00,2026-05-08T18:11:00-07:00,0,26
style.css,412,css,92007575,F3rando,2026-05-08,18:11:00,-07:00,2026-05-08T18:11:00-07:00,0,19
style.css,413,css,92007575,F3rando,2026-05-08,18:11:00,-07:00,2026-05-08T18:11:00-07:00,0,21
style.css,414,css,92007575,F3rando,2026-05-08,18:11:00,-07:00,2026-05-08T18:11:00-07:00,0,0
style.css,415,css,92007575,F3rando,2026-05-08,18:11:00,-07:00,2026-05-08T18:11:00-07:00,0,0
style.css,416,css,00000000,Not Committed Yet,2026-05-21,13:25:34,-07:00,2026-05-21T13:25:34-07:00,0,40
style.css,417,css,00000000,Not Committed Yet,2026-05-21,13:25:34,-07:00,2026-05-21T13:25:34-07:00,0,11
style.css,418,css,00000000,Not Committed Yet,2026-05-21,13:25:34,-07:00,2026-05-21T13:25:34-07:00,0,18
style.css,419,css,00000000,Not Committed Yet,2026-05-21,13:25:34,-07:00,2026-05-21T13:25:34-07:00,0,13
style.css,420,css,00000000,Not Committed Yet,2026-05-21,13:25:34,-07:00,2026-05-21T13:25:34-07:00,0,11
style.css,421,css,00000000,Not Committed Yet,2026-05-21,13:25:34,-07:00,2026-05-21T13:25:34-07:00,0,23
style.css,422,css,00000000,Not Committed Yet,2026-05-21,13:25:34,-07:00,2026-05-21T13:25:34-07:00,0,0
style.css,423,css,00000000,Not Committed Yet,2026-05-21,13:25:34,-07:00,2026-05-21T13:25:34-07:00,0,0
style.css,424,css,00000000,Not Committed Yet,2026-05-21,13:25:34,-07:00,2026-05-21T13:25:34-07:00,0,15
style.css,425,css,00000000,Not Committed Yet,2026-05-21,13:25:34,-07:00,2026-05-21T13:25:34-07:00,0,7
style.css,426,css,00000000,Not Committed Yet,2026-05-21,13:25:34,-07:00,2026-05-21T13:25:34-07:00,0,12
style.css,427,css,00000000,Not Committed Yet,2026-05-21,13:25:34,-07:00,2026-05-21T13:25:34-07:00,0,0
style.css,428,css,00000000,Not Committed Yet,2026-05-21,13:25:34,-07:00,2026-05-21T13:25:34-07:00,0,0
style.css,429,css,00000000,Not Committed Yet,2026-05-21,13:25:34,-07:00,2026-05-21T13:25:34-07:00,0,15
style.css,430,css,00000000,Not Committed Yet,2026-05-21,13:25:34,-07:00,2026-05-21T13:25:34-07:00,0,18
style.css,431,css,00000000,Not Committed Yet,2026-05-21,13:25:34,-07:00,2026-05-21T13:25:34-07:00,0,0
style.css,432,css,00000000,Not Committed Yet,2026-05-21,13:25:34,-07:00,2026-05-21T13:25:34-07:00,0,0
style.css,433,css,00000000,Not Committed Yet,2026-05-21,13:25:34,-07:00,2026-05-21T13:25:34-07:00,0,14
style.css,434,css,00000000,Not Committed Yet,2026-05-21,13:25:34,-07:00,2026-05-21T13:25:34-07:00,0,16
style.css,435,css,00000000,Not Committed Yet,2026-05-21,13:25:34,-07:00,2026-05-21T13:25:34-07:00,0,9
style.css,436,css,00000000,Not Committed Yet,2026-05-21,13:25:34,-07:00,2026-05-21T13:25:34-07:00,0,12
style.css,437,css,00000000,Not Committed Yet,2026-05-21,13:25:34,-07:00,2026-05-21T13:25:34-07:00,0,0
style.css,438,css,00000000,Not Committed Yet,2026-05-21,13:25:34,-07:00,2026-05-21T13:25:34-07:00,0,0
style.css,439,css,00000000,Not Committed Yet,2026-05-21,13:25:34,-07:00,2026-05-21T13:25:34-07:00,0,18
style.css,440,css,00000000,Not Committed Yet,2026-05-21,13:25:34,-07:00,2026-05-21T13:25:34-07:00,0,11
style.css,441,css,00000000,Not Committed Yet,2026-05-21,13:25:34,-07:00,2026-05-21T13:25:34-07:00,0,0
style.css,442,css,00000000,Not Committed Yet,2026-05-21,13:25:34,-07:00,2026-05-21T13:25:34-07:00,0,0
style.css,443,css,00000000,Not Committed Yet,2026-05-21,13:25:34,-07:00,2026-05-21T13:25:34-07:00,0,6
style.css,444,css,00000000,Not Committed Yet,2026-05-21,13:25:34,-07:00,2026-05-21T13:25:34-07:00,0,19
style.css,445,css,00000000,Not Committed Yet,2026-05-21,13:25:34,-07:00,2026-05-21T13:25:34-07:00,0,13
style.css,446,css,00000000,Not Committed Yet,2026-05-21,13:25:34,-07:00,2026-05-21T13:25:34-07:00,0,34
style.css,447,css,00000000,Not Committed Yet,2026-05-21,13:25:34,-07:00,2026-05-21T13:25:34-07:00,0,18
style.css,448,css,00000000,Not Committed Yet,2026-05-21,13:25:34,-07:00,2026-05-21T13:25:34-07:00,0,60
style.css,449,css,00000000,Not Committed Yet,2026-05-21,13:25:34,-07:00,2026-05-21T13:25:34-07:00,0,13
style.css,450,css,00000000,Not Committed Yet,2026-05-21,13:25:34,-07:00,2026-05-21T13:25:34-07:00,0,0
style.css,451,css,00000000,Not Committed Yet,2026-05-21,13:25:34,-07:00,2026-05-21T13:25:34-07:00,0,0
style.css,452,css,00000000,Not Committed Yet,2026-05-21,13:25:34,-07:00,2026-05-21T13:25:34-07:00,0,13
style.css,453,css,00000000,Not Committed Yet,2026-05-21,13:25:34,-07:00,2026-05-21T13:25:34-07:00,0,38
style.css,454,css,00000000,Not Committed Yet,2026-05-21,13:25:34,-07:00,2026-05-21T13:25:34-07:00,0,10
style.css,455,css,00000000,Not Committed Yet,2026-05-21,13:25:34,-07:00,2026-05-21T13:25:34-07:00,0,0
style.css,456,css,00000000,Not Committed Yet,2026-05-21,13:25:34,-07:00,2026-05-21T13:25:34-07:00,0,0
style.css,457,css,00000000,Not Committed Yet,2026-05-21,13:25:34,-07:00,2026-05-21T13:25:34-07:00,0,17
style.css,458,css,00000000,Not Committed Yet,2026-05-21,13:25:34,-07:00,2026-05-21T13:25:34-07:00,0,19
style.css,459,css,00000000,Not Committed Yet,2026-05-21,13:25:34,-07:00,2026-05-21T13:25:34-07:00,0,0
style.css,460,css,00000000,Not Committed Yet,2026-05-21,13:25:34,-07:00,2026-05-21T13:25:34-07:00,0,0
style.css,461,css,00000000,Not Committed Yet,2026-05-21,13:25:34,-07:00,2026-05-21T13:25:34-07:00,0,47
style.css,462,css,00000000,Not Committed Yet,2026-05-21,13:25:34,-07:00,2026-05-21T13:25:34-07:00,0,7
style.css,463,css,00000000,Not Committed Yet,2026-05-21,13:25:34,-07:00,2026-05-21T13:25:34-07:00,0,13
style.css,464,css,00000000,Not Committed Yet,2026-05-21,13:25:34,-07:00,2026-05-21T13:25:34-07:00,0,44
style.css,465,css,00000000,Not Committed Yet,2026-05-21,13:25:34,-07:00,2026-05-21T13:25:34-07:00,0,20
style.css,466,css,00000000,Not Committed Yet,2026-05-21,13:25:34,-07:00,2026-05-21T13:25:34-07:00,0,23
style.css,467,css,00000000,Not Committed Yet,2026-05-21,13:25:34,-07:00,2026-05-21T13:25:34-07:00,0,0
style.css,468,css,00000000,Not Committed Yet,2026-05-21,13:25:34,-07:00,2026-05-21T13:25:34-07:00,0,0
style.css,469,css,00000000,Not Committed Yet,2026-05-21,13:25:34,-07:00,2026-05-21T13:25:34-07:00,0,13
style.css,470,css,00000000,Not Committed Yet,2026-05-21,13:25:34,-07:00,2026-05-21T13:25:34-07:00,0,19
style.css,471,css,00000000,Not Committed Yet,2026-05-21,13:25:34,-07:00,2026-05-21T13:25:34-07:00,0,13
style.css,472,css,00000000,Not Committed Yet,2026-05-21,13:25:34,-07:00,2026-05-21T13:25:34-07:00,0,30
style.css,473,css,00000000,Not Committed Yet,2026-05-21,13:25:34,-07:00,2026-05-21T13:25:34-07:00,0,21
style.css,474,css,00000000,Not Committed Yet,2026-05-21,13:25:34,-07:00,2026-05-21T13:25:34-07:00,0,44
style.css,475,css,00000000,Not Committed Yet,2026-05-21,13:25:34,-07:00,2026-05-21T13:25:34-07:00,0,0
style.css,476,css,00000000,Not Committed Yet,2026-05-21,13:25:34,-07:00,2026-05-21T13:25:34-07:00,0,0
style.css,477,css,00000000,Not Committed Yet,2026-05-21,13:25:34,-07:00,2026-05-21T13:25:34-07:00,0,10
style.css,478,css,00000000,Not Committed Yet,2026-05-21,13:25:34,-07:00,2026-05-21T13:25:34-07:00,0,14
style.css,479,css,00000000,Not Committed Yet,2026-05-21,13:25:34,-07:00,2026-05-21T13:25:34-07:00,0,9
style.css,480,css,00000000,Not Committed Yet,2026-05-21,13:25:34,-07:00,2026-05-21T13:25:34-07:00,0,0
style.css,481,css,00000000,Not Committed Yet,2026-05-21,13:25:34,-07:00,2026-05-21T13:25:34-07:00,0,0
style.css,482,css,00000000,Not Committed Yet,2026-05-21,13:25:34,-07:00,2026-05-21T13:25:34-07:00,0,16
style.css,483,css,00000000,Not Committed Yet,2026-05-21,13:25:34,-07:00,2026-05-21T13:25:34-07:00,0,14
style.css,484,css,00000000,Not Committed Yet,2026-05-21,13:25:34,-07:00,2026-05-21T13:25:34-07:00,0,18
style.css,485,css,00000000,Not Committed Yet,2026-05-21,13:25:34,-07:00,2026-05-21T13:25:34-07:00,0,13
style.css,486,css,00000000,Not Committed Yet,2026-05-21,13:25:34,-07:00,2026-05-21T13:25:34-07:00,0,16
style.css,487,css,00000000,Not Committed Yet,2026-05-21,13:25:34,-07:00,2026-05-21T13:25:34-07:00,0,0
style.css,488,css,00000000,Not Committed Yet,2026-05-21,13:25:34,-07:00,2026-05-21T13:25:34-07:00,0,0
style.css,489,css,00000000,Not Committed Yet,2026-05-21,13:25:34,-07:00,2026-05-21T13:25:34-07:00,0,10
style.css,490,css,00000000,Not Committed Yet,2026-05-21,13:25:34,-07:00,2026-05-21T13:25:34-07:00,0,14
style.css,491,css,00000000,Not Committed Yet,2026-05-21,13:25:34,-07:00,2026-05-21T13:25:34-07:00,0,13
style.css,492,css,00000000,Not Committed Yet,2026-05-21,13:25:34,-07:00,2026-05-21T13:25:34-07:00,0,15
style.css,493,css,00000000,Not Committed Yet,2026-05-21,13:25:34,-07:00,2026-05-21T13:25:34-07:00,0,18
style.css,494,css,00000000,Not Committed Yet,2026-05-21,13:25:34,-07:00,2026-05-21T13:25:34-07:00,0,20
style.css,495,css,00000000,Not Committed Yet,2026-05-21,13:25:34,-07:00,2026-05-21T13:25:34-07:00,0,11
style.css,496,css,00000000,Not Committed Yet,2026-05-21,13:25:34,-07:00,2026-05-21T13:25:34-07:00,0,14
style.css,497,css,00000000,Not Committed Yet,2026-05-21,13:25:34,-07:00,2026-05-21T13:25:34-07:00,0,19
style.css,498,css,00000000,Not Committed Yet,2026-05-21,13:25:34,-07:00,2026-05-21T13:25:34-07:00,0,0
style.css,499,css,00000000,Not Committed Yet,2026-05-21,13:25:34,-07:00,2026-05-21T13:25:34-07:00,0,0
style.css,500,css,00000000,Not Committed Yet,2026-05-21,13:25:34,-07:00,2026-05-21T13:25:34-07:00,0,5
style.css,501,css,00000000,Not Committed Yet,2026-05-21,13:25:34,-07:00,2026-05-21T13:25:34-07:00,0,13
style.css,502,css,00000000,Not Committed Yet,2026-05-21,13:25:34,-07:00,2026-05-21T13:25:34-07:00,0,12
style.css,503,css,00000000,Not Committed Yet,2026-05-21,13:25:34,-07:00,2026-05-21T13:25:34-07:00,0,15
style.css,504,css,00000000,Not Committed Yet,2026-05-21,13:25:34,-07:00,2026-05-21T13:25:34-07:00,0,35
style.css,505,css,00000000,Not Committed Yet,2026-05-21,13:25:34,-07:00,2026-05-21T13:25:34-07:00,0,18
style.css,506,css,00000000,Not Committed Yet,2026-05-21,13:25:34,-07:00,2026-05-21T13:25:34-07:00,0,0
style.css,507,css,00000000,Not Committed Yet,2026-05-21,13:25:34,-07:00,2026-05-21T13:25:34-07:00,0,0
style.css,508,css,06aeed61,F3rando,2026-04-10,17:08:37,-07:00,2026-04-10T17:08:37-07:00,0,22
style.css,509,css,06aeed61,F3rando,2026-04-10,17:08:37,-07:00,2026-04-10T17:08:37-07:00,0,14
style.css,510,css,06aeed61,F3rando,2026-04-10,17:08:37,-07:00,2026-04-10T17:08:37-07:00,0,18
style.css,511,css,06aeed61,F3rando,2026-04-10,17:08:37,-07:00,2026-04-10T17:08:37-07:00,0,16
style.css,512,css,06aeed61,F3rando,2026-04-10,17:08:37,-07:00,2026-04-10T17:08:37-07:00,0,18
style.css,513,css,06aeed61,F3rando,2026-04-10,17:08:37,-07:00,2026-04-10T17:08:37-07:00,0,26
style.css,514,css,06aeed61,F3rando,2026-04-10,17:08:37,-07:00,2026-04-10T17:08:37-07:00,0,0
style.css,515,css,06aeed61,F3rando,2026-04-10,17:08:37,-07:00,2026-04-10T17:08:37-07:00,0,0
style.css,516,css,06aeed61,F3rando,2026-04-10,17:08:37,-07:00,2026-04-10T17:08:37-07:00,0,44
style.css,517,css,06aeed61,F3rando,2026-04-10,17:08:37,-07:00,2026-04-10T17:08:37-07:00,0,18
style.css,518,css,06aeed61,F3rando,2026-04-10,17:08:37,-07:00,2026-04-10T17:08:37-07:00,0,0
style.css,519,css,06aeed61,F3rando,2026-04-10,17:08:37,-07:00,2026-04-10T17:08:37-07:00,0,0
style.css,520,css,06aeed61,F3rando,2026-04-10,17:08:37,-07:00,2026-04-10T17:08:37-07:00,0,56
style.css,521,css,06aeed61,F3rando,2026-04-10,17:08:37,-07:00,2026-04-10T17:08:37-07:00,0,44
style.css,522,css,06aeed61,F3rando,2026-04-10,17:08:37,-07:00,2026-04-10T17:08:37-07:00,0,21
style.css,523,css,06aeed61,F3rando,2026-04-10,17:08:37,-07:00,2026-04-10T17:08:37-07:00,0,18
style.css,524,css,06aeed61,F3rando,2026-04-10,17:08:37,-07:00,2026-04-10T17:08:37-07:00,0,0
style.css,525,css,06aeed61,F3rando,2026-04-10,17:08:37,-07:00,2026-04-10T17:08:37-07:00,0,0
style.css,526,css,06aeed61,F3rando,2026-04-10,17:08:37,-07:00,2026-04-10T17:08:37-07:00,0,49
style.css,527,css,06aeed61,F3rando,2026-04-10,17:08:37,-07:00,2026-04-10T17:08:37-07:00,0,20
style.css,528,css,06aeed61,F3rando,2026-04-10,17:08:37,-07:00,2026-04-10T17:08:37-07:00,0,0
style.css,529,css,06aeed61,F3rando,2026-04-10,17:08:37,-07:00,2026-04-10T17:08:37-07:00,0,0
style.css,530,css,06aeed61,F3rando,2026-04-10,17:08:37,-07:00,2026-04-10T17:08:37-07:00,0,58
style.css,531,css,06aeed61,F3rando,2026-04-10,17:08:37,-07:00,2026-04-10T17:08:37-07:00,0,21
style.css,532,css,06aeed61,F3rando,2026-04-10,17:08:37,-07:00,2026-04-10T17:08:37-07:00,0,26
style.css,533,css,06aeed61,F3rando,2026-04-10,17:08:37,-07:00,2026-04-10T17:08:37-07:00,0,0
style.css,534,css,06aeed61,F3rando,2026-04-10,17:08:37,-07:00,2026-04-10T17:08:37-07:00,0,0
style.css,535,css,06aeed61,F3rando,2026-04-10,17:08:37,-07:00,2026-04-10T17:08:37-07:00,0,8
style.css,536,css,06aeed61,F3rando,2026-04-10,17:08:37,-07:00,2026-04-10T17:08:37-07:00,0,16
style.css,537,css,06aeed61,F3rando,2026-04-10,17:08:37,-07:00,2026-04-10T17:08:37-07:00,0,16
style.css,538,css,06aeed61,F3rando,2026-04-10,17:08:37,-07:00,2026-04-10T17:08:37-07:00,0,0
style.css,539,css,06aeed61,F3rando,2026-04-10,17:08:37,-07:00,2026-04-10T17:08:37-07:00,0,0
style.css,540,css,06aeed61,F3rando,2026-04-10,17:08:37,-07:00,2026-04-10T17:08:37-07:00,0,10
style.css,541,css,06aeed61,F3rando,2026-04-10,17:08:37,-07:00,2026-04-10T17:08:37-07:00,0,18
style.css,542,css,06aeed61,F3rando,2026-04-10,17:08:37,-07:00,2026-04-10T17:08:37-07:00,0,11
style.css,543,css,06aeed61,F3rando,2026-04-10,17:08:37,-07:00,2026-04-10T17:08:37-07:00,0,16
style.css,544,css,06aeed61,F3rando,2026-04-10,17:08:37,-07:00,2026-04-10T17:08:37-07:00,0,0
style.css,545,css,06aeed61,F3rando,2026-04-10,17:08:37,-07:00,2026-04-10T17:08:37-07:00,0,0
style.css,546,css,06aeed61,F3rando,2026-04-10,17:08:37,-07:00,2026-04-10T17:08:37-07:00,0,12
style.css,547,css,06aeed61,F3rando,2026-04-10,17:08:37,-07:00,2026-04-10T17:08:37-07:00,0,17
style.css,548,css,06aeed61,F3rando,2026-04-10,17:08:37,-07:00,2026-04-10T17:08:37-07:00,0,0
style.css,549,css,06aeed61,F3rando,2026-04-10,17:08:37,-07:00,2026-04-10T17:08:37-07:00,0,0
style.css,550,css,06aeed61,F3rando,2026-04-10,17:08:37,-07:00,2026-04-10T17:08:37-07:00,0,6
style.css,551,css,06aeed61,F3rando,2026-04-10,17:08:37,-07:00,2026-04-10T17:08:37-07:00,0,16
style.css,552,css,06aeed61,F3rando,2026-04-10,17:08:37,-07:00,2026-04-10T17:08:37-07:00,0,26
style.css,553,css,06aeed61,F3rando,2026-04-10,17:08:37,-07:00,2026-04-10T17:08:37-07:00,0,16
style.css,554,css,06aeed61,F3rando,2026-04-10,17:08:37,-07:00,2026-04-10T17:08:37-07:00,0,0
style.css,555,css,06aeed61,F3rando,2026-04-10,17:08:37,-07:00,2026-04-10T17:08:37-07:00,0,0
style.css,556,css,06aeed61,F3rando,2026-04-10,17:08:37,-07:00,2026-04-10T17:08:37-07:00,0,16
style.css,557,css,06aeed61,F3rando,2026-04-10,17:08:37,-07:00,2026-04-10T17:08:37-07:00,0,18
style.css,558,css,06aeed61,F3rando,2026-04-10,17:08:37,-07:00,2026-04-10T17:08:37-07:00,0,0
style.css,559,css,06aeed61,F3rando,2026-04-10,17:08:37,-07:00,2026-04-10T17:08:37-07:00,0,0
style.css,560,css,06aeed61,F3rando,2026-04-10,17:08:37,-07:00,2026-04-10T17:08:37-07:00,0,19
style.css,561,css,06aeed61,F3rando,2026-04-10,17:08:37,-07:00,2026-04-10T17:08:37-07:00,0,21
style.css,562,css,06aeed61,F3rando,2026-04-10,17:08:37,-07:00,2026-04-10T17:08:37-07:00,0,26
style.css,563,css,06aeed61,F3rando,2026-04-10,17:08:37,-07:00,2026-04-10T17:08:37-07:00,0,0
style.css,564,css,06aeed61,F3rando,2026-04-10,17:08:37,-07:00,2026-04-10T17:08:37-07:00,0,0
style.css,565,css,06aeed61,F3rando,2026-04-10,17:08:37,-07:00,2026-04-10T17:08:37-07:00,0,18
style.css,566,css,06aeed61,F3rando,2026-04-10,17:08:37,-07:00,2026-04-10T17:08:37-07:00,0,9
style.css,567,css,72265daa,F3rando,2026-04-03,13:43:44,-07:00,2026-04-03T13:43:44-07:00,0,0
index.js,1,js,00459eb6,F3rando,2026-04-24,12:12:29,-07:00,2026-04-24T12:12:29-07:00,0,72
index.js,2,js,00459eb6,F3rando,2026-04-24,12:12:29,-07:00,2026-04-24T12:12:29-07:00,0,0
index.js,3,js,00459eb6,F3rando,2026-04-24,12:12:29,-07:00,2026-04-24T12:12:29-07:00,0,39
index.js,4,js,00459eb6,F3rando,2026-04-24,12:12:29,-07:00,2026-04-24T12:12:29-07:00,0,55
index.js,5,js,00459eb6,F3rando,2026-04-24,12:12:29,-07:00,2026-04-24T12:12:29-07:00,0,0
index.js,6,js,00459eb6,F3rando,2026-04-24,12:12:29,-07:00,2026-04-24T12:12:29-07:00,0,22
index.js,7,js,00459eb6,F3rando,2026-04-24,12:12:29,-07:00,2026-04-24T12:12:29-07:00,0,43
index.js,8,js,00459eb6,F3rando,2026-04-24,12:12:29,-07:00,2026-04-24T12:12:29-07:00,0,0
index.js,9,js,00459eb6,F3rando,2026-04-24,12:12:29,-07:00,2026-04-24T12:12:29-07:00,0,37
index.js,10,js,00459eb6,F3rando,2026-04-24,12:12:29,-07:00,2026-04-24T12:12:29-07:00,0,61
index.js,11,js,00459eb6,F3rando,2026-04-24,12:12:29,-07:00,2026-04-24T12:12:29-07:00,0,0
index.js,12,js,00459eb6,F3rando,2026-04-24,12:12:29,-07:00,2026-04-24T12:12:29-07:00,0,14
index.js,13,js,00459eb6,F3rando,2026-04-24,12:12:29,-07:00,2026-04-24T12:12:29-07:00,0,23
index.js,14,js,00459eb6,F3rando,2026-04-24,12:12:29,-07:00,2026-04-24T12:12:29-07:00,0,55
index.js,15,js,00459eb6,F3rando,2026-04-24,12:12:29,-07:00,2026-04-24T12:12:29-07:00,0,0
index.js,16,js,00459eb6,F3rando,2026-04-24,12:12:29,-07:00,2026-04-24T12:12:29-07:00,0,0
index.js,17,js,00459eb6,F3rando,2026-04-24,12:12:29,-07:00,2026-04-24T12:12:29-07:00,0,51
index.js,18,js,00459eb6,F3rando,2026-04-24,12:12:29,-07:00,2026-04-24T12:12:29-07:00,0,0
index.js,19,js,00459eb6,F3rando,2026-04-24,12:12:29,-07:00,2026-04-24T12:12:29-07:00,0,61
index.js,20,js,00459eb6,F3rando,2026-04-24,12:12:29,-07:00,2026-04-24T12:12:29-07:00,0,0
index.js,21,js,00459eb6,F3rando,2026-04-24,12:12:29,-07:00,2026-04-24T12:12:29-07:00,0,18
index.js,22,js,00459eb6,F3rando,2026-04-24,12:12:29,-07:00,2026-04-24T12:12:29-07:00,0,25
index.js,23,js,00459eb6,F3rando,2026-04-24,12:12:29,-07:00,2026-04-24T12:12:29-07:00,0,3
index.js,24,js,00459eb6,F3rando,2026-04-24,12:12:29,-07:00,2026-04-24T12:12:29-07:00,0,56
index.js,25,js,00459eb6,F3rando,2026-04-24,12:12:29,-07:00,2026-04-24T12:12:29-07:00,0,56
index.js,26,js,00459eb6,F3rando,2026-04-24,12:12:29,-07:00,2026-04-24T12:12:29-07:00,0,50
index.js,27,js,00459eb6,F3rando,2026-04-24,12:12:29,-07:00,2026-04-24T12:12:29-07:00,0,50
index.js,28,js,00459eb6,F3rando,2026-04-24,12:12:29,-07:00,2026-04-24T12:12:29-07:00,0,4
index.js,29,js,00459eb6,F3rando,2026-04-24,12:12:29,-07:00,2026-04-24T12:12:29-07:00,0,1
index.js,30,js,00459eb6,F3rando,2026-04-24,12:12:29,-07:00,2026-04-24T12:12:29-07:00,0,0
index.html,1,html,8fb30e67,F3rando,2026-04-03,13:16:00,-07:00,2026-04-03T13:16:00-07:00,0,14
index.html,2,html,8fb30e67,F3rando,2026-04-03,13:16:00,-07:00,2026-04-03T13:16:00-07:00,0,15
index.html,3,html,8fb30e67,F3rando,2026-04-03,13:16:00,-07:00,2026-04-03T13:16:00-07:00,0,5
index.html,4,html,8fb30e67,F3rando,2026-04-03,13:16:00,-07:00,2026-04-03T13:16:00-07:00,0,21
index.html,5,html,8fb30e67,F3rando,2026-04-03,13:16:00,-07:00,2026-04-03T13:16:00-07:00,0,69
index.html,6,html,8fb30e67,F3rando,2026-04-03,13:16:00,-07:00,2026-04-03T13:16:00-07:00,0,54
index.html,7,html,72265daa,F3rando,2026-04-03,13:43:44,-07:00,2026-04-03T13:43:44-07:00,0,104
index.html,8,html,00459eb6,F3rando,2026-04-24,12:12:29,-07:00,2026-04-24T12:12:29-07:00,0,50
index.html,9,html,1e288bbd,F3rando,2026-04-17,21:02:26,-07:00,2026-04-17T21:02:26-07:00,0,46
index.html,10,html,8fb30e67,F3rando,2026-04-03,13:16:00,-07:00,2026-04-03T13:16:00-07:00,0,6
index.html,11,html,8fb30e67,F3rando,2026-04-03,13:16:00,-07:00,2026-04-03T13:16:00-07:00,0,5
index.html,12,html,8fb30e67,F3rando,2026-04-03,13:16:00,-07:00,2026-04-03T13:16:00-07:00,0,21
index.html,13,html,8fb30e67,F3rando,2026-04-03,13:16:00,-07:00,2026-04-03T13:16:00-07:00,0,0
index.html,14,html,8fb30e67,F3rando,2026-04-03,13:16:00,-07:00,2026-04-03T13:16:00-07:00,0,139
index.html,15,html,72265daa,F3rando,2026-04-03,13:43:44,-07:00,2026-04-03T13:43:44-07:00,0,0
index.html,16,html,72265daa,F3rando,2026-04-03,13:43:44,-07:00,2026-04-03T13:43:44-07:00,0,121
index.html,17,html,8fb30e67,F3rando,2026-04-03,13:16:00,-07:00,2026-04-03T13:16:00-07:00,0,0
index.html,18,html,00459eb6,F3rando,2026-04-24,12:12:29,-07:00,2026-04-24T12:12:29-07:00,0,23
index.html,19,html,00459eb6,F3rando,2026-04-24,12:12:29,-07:00,2026-04-24T12:12:29-07:00,0,27
index.html,20,html,00459eb6,F3rando,2026-04-24,12:12:29,-07:00,2026-04-24T12:12:29-07:00,0,51
index.html,21,html,00459eb6,F3rando,2026-04-24,12:12:29,-07:00,2026-04-24T12:12:29-07:00,0,8
index.html,22,html,00459eb6,F3rando,2026-04-24,12:12:29,-07:00,2026-04-24T12:12:29-07:00,0,23
index.html,23,html,00459eb6,F3rando,2026-04-24,12:12:29,-07:00,2026-04-24T12:12:29-07:00,0,51
index.html,24,html,00459eb6,F3rando,2026-04-24,12:12:29,-07:00,2026-04-24T12:12:29-07:00,0,9
index.html,25,html,8fb30e67,F3rando,2026-04-03,13:16:00,-07:00,2026-04-03T13:16:00-07:00,0,6
index.html,26,html,8fb30e67,F3rando,2026-04-03,13:16:00,-07:00,2026-04-03T13:16:00-07:00,0,6
global.js,1,js,b3a1688d,F3rando,2026-04-17,20:57:37,-07:00,2026-04-17T20:57:37-07:00,0,26
global.js,2,js,b3a1688d,F3rando,2026-04-17,20:57:37,-07:00,2026-04-17T20:57:37-07:00,0,0
global.js,3,js,b3a1688d,F3rando,2026-04-17,20:57:37,-07:00,2026-04-17T20:57:37-07:00,0,42
global.js,4,js,b3a1688d,F3rando,2026-04-17,20:57:37,-07:00,2026-04-17T20:57:37-07:00,0,53
global.js,5,js,b3a1688d,F3rando,2026-04-17,20:57:37,-07:00,2026-04-17T20:57:37-07:00,0,0
global.js,6,js,b3a1688d,F3rando,2026-04-17,20:57:37,-07:00,2026-04-17T20:57:37-07:00,0,0
global.js,7,js,b3a1688d,F3rando,2026-04-17,20:57:37,-07:00,2026-04-17T20:57:37-07:00,0,44
global.js,8,js,d3cbc5be,F3rando,2026-05-20,23:00:53,-07:00,2026-05-20T23:00:53-07:00,0,64
global.js,9,js,d3cbc5be,F3rando,2026-05-20,23:00:53,-07:00,2026-05-20T23:00:53-07:00,0,62
global.js,10,js,d3cbc5be,F3rando,2026-05-20,23:00:53,-07:00,2026-05-20T23:00:53-07:00,0,51
global.js,11,js,d3cbc5be,F3rando,2026-05-20,23:00:53,-07:00,2026-05-20T23:00:53-07:00,0,3
global.js,12,js,b3a1688d,F3rando,2026-04-17,20:57:37,-07:00,2026-04-17T20:57:37-07:00,0,14
global.js,13,js,b3a1688d,F3rando,2026-04-17,20:57:37,-07:00,2026-04-17T20:57:37-07:00,0,0
global.js,14,js,b3a1688d,F3rando,2026-04-17,20:57:37,-07:00,2026-04-17T20:57:37-07:00,0,42
global.js,15,js,b3a1688d,F3rando,2026-04-17,20:57:37,-07:00,2026-04-17T20:57:37-07:00,0,14
global.js,16,js,d3cbc5be,F3rando,2026-05-20,23:00:53,-07:00,2026-05-20T23:00:53-07:00,0,39
global.js,17,js,d3cbc5be,F3rando,2026-05-20,23:00:53,-07:00,2026-05-20T23:00:53-07:00,0,52
global.js,18,js,d3cbc5be,F3rando,2026-05-20,23:00:53,-07:00,2026-05-20T23:00:53-07:00,0,44
global.js,19,js,d3cbc5be,F3rando,2026-05-20,23:00:53,-07:00,2026-05-20T23:00:53-07:00,0,50
global.js,20,js,d3cbc5be,F3rando,2026-05-20,23:00:53,-07:00,2026-05-20T23:00:53-07:00,0,40
global.js,21,js,b3a1688d,F3rando,2026-04-17,20:57:37,-07:00,2026-04-17T20:57:37-07:00,0,53
global.js,22,js,b3a1688d,F3rando,2026-04-17,20:57:37,-07:00,2026-04-17T20:57:37-07:00,0,1
global.js,23,js,b3a1688d,F3rando,2026-04-17,20:57:37,-07:00,2026-04-17T20:57:37-07:00,0,0
global.js,24,js,b3a1688d,F3rando,2026-04-17,20:57:37,-07:00,2026-04-17T20:57:37-07:00,0,32
global.js,25,js,b3a1688d,F3rando,2026-04-17,20:57:37,-07:00,2026-04-17T20:57:37-07:00,0,41
global.js,26,js,b3a1688d,F3rando,2026-04-17,20:57:37,-07:00,2026-04-17T20:57:37-07:00,0,39
global.js,27,js,b3a1688d,F3rando,2026-04-17,20:57:37,-07:00,2026-04-17T20:57:37-07:00,0,0
global.js,28,js,b3a1688d,F3rando,2026-04-17,20:57:37,-07:00,2026-04-17T20:57:37-07:00,0,44
global.js,29,js,b3a1688d,F3rando,2026-04-17,20:57:37,-07:00,2026-04-17T20:57:37-07:00,0,26
global.js,30,js,b3a1688d,F3rando,2026-04-17,20:57:37,-07:00,2026-04-17T20:57:37-07:00,0,39
global.js,31,js,b3a1688d,F3rando,2026-04-17,20:57:37,-07:00,2026-04-17T20:57:37-07:00,0,37
global.js,32,js,b3a1688d,F3rando,2026-04-17,20:57:37,-07:00,2026-04-17T20:57:37-07:00,0,17
global.js,33,js,b3a1688d,F3rando,2026-04-17,20:57:37,-07:00,2026-04-17T20:57:37-07:00,0,26
global.js,34,js,b3a1688d,F3rando,2026-04-17,20:57:37,-07:00,2026-04-17T20:57:37-07:00,0,0
global.js,35,js,b3a1688d,F3rando,2026-04-17,20:57:37,-07:00,2026-04-17T20:57:37-07:00,0,57
global.js,36,js,b3a1688d,F3rando,2026-04-17,20:57:37,-07:00,2026-04-17T20:57:37-07:00,0,91
global.js,37,js,b3a1688d,F3rando,2026-04-17,20:57:37,-07:00,2026-04-17T20:57:37-07:00,0,0
global.js,38,js,b3a1688d,F3rando,2026-04-17,20:57:37,-07:00,2026-04-17T20:57:37-07:00,0,40
global.js,39,js,b3a1688d,F3rando,2026-04-17,20:57:37,-07:00,2026-04-17T20:57:37-07:00,0,30
global.js,40,js,b3a1688d,F3rando,2026-04-17,20:57:37,-07:00,2026-04-17T20:57:37-07:00,0,19
global.js,41,js,b3a1688d,F3rando,2026-04-17,20:57:37,-07:00,2026-04-17T20:57:37-07:00,0,0
global.js,42,js,b3a1688d,F3rando,2026-04-17,20:57:37,-07:00,2026-04-17T20:57:37-07:00,0,0
global.js,43,js,b3a1688d,F3rando,2026-04-17,20:57:37,-07:00,2026-04-17T20:57:37-07:00,0,17
global.js,44,js,b3a1688d,F3rando,2026-04-17,20:57:37,-07:00,2026-04-17T20:57:37-07:00,0,18
global.js,45,js,b3a1688d,F3rando,2026-04-17,20:57:37,-07:00,2026-04-17T20:57:37-07:00,0,0
global.js,46,js,b3a1688d,F3rando,2026-04-17,20:57:37,-07:00,2026-04-17T20:57:37-07:00,0,0
global.js,47,js,b3a1688d,F3rando,2026-04-17,20:57:37,-07:00,2026-04-17T20:57:37-07:00,0,19
global.js,48,js,b3a1688d,F3rando,2026-04-17,20:57:37,-07:00,2026-04-17T20:57:37-07:00,0,26
global.js,49,js,b3a1688d,F3rando,2026-04-17,20:57:37,-07:00,2026-04-17T20:57:37-07:00,0,0
global.js,50,js,b3a1688d,F3rando,2026-04-17,20:57:37,-07:00,2026-04-17T20:57:37-07:00,0,24
global.js,51,js,b3a1688d,F3rando,2026-04-17,20:57:37,-07:00,2026-04-17T20:57:37-07:00,0,54
global.js,52,js,b3a1688d,F3rando,2026-04-17,20:57:37,-07:00,2026-04-17T20:57:37-07:00,0,47
global.js,53,js,b3a1688d,F3rando,2026-04-17,20:57:37,-07:00,2026-04-17T20:57:37-07:00,0,27
global.js,54,js,b3a1688d,F3rando,2026-04-17,20:57:37,-07:00,2026-04-17T20:57:37-07:00,0,5
global.js,55,js,b3a1688d,F3rando,2026-04-17,20:57:37,-07:00,2026-04-17T20:57:37-07:00,0,7
global.js,56,js,b3a1688d,F3rando,2026-04-17,20:57:37,-07:00,2026-04-17T20:57:37-07:00,0,44
global.js,57,js,b3a1688d,F3rando,2026-04-17,20:57:37,-07:00,2026-04-17T20:57:37-07:00,0,35
global.js,58,js,b3a1688d,F3rando,2026-04-17,20:57:37,-07:00,2026-04-17T20:57:37-07:00,0,33
global.js,59,js,b3a1688d,F3rando,2026-04-17,20:57:37,-07:00,2026-04-17T20:57:37-07:00,0,8
global.js,60,js,b3a1688d,F3rando,2026-04-17,20:57:37,-07:00,2026-04-17T20:57:37-07:00,0,7
global.js,61,js,b3a1688d,F3rando,2026-04-17,20:57:37,-07:00,2026-04-17T20:57:37-07:00,0,2
global.js,62,js,b3a1688d,F3rando,2026-04-17,20:57:37,-07:00,2026-04-17T20:57:37-07:00,0,0
global.js,63,js,b3a1688d,F3rando,2026-04-17,20:57:37,-07:00,2026-04-17T20:57:37-07:00,0,24
global.js,64,js,b3a1688d,F3rando,2026-04-17,20:57:37,-07:00,2026-04-17T20:57:37-07:00,0,72
global.js,65,js,b3a1688d,F3rando,2026-04-17,20:57:37,-07:00,2026-04-17T20:57:37-07:00,0,0
global.js,66,js,b3a1688d,F3rando,2026-04-17,20:57:37,-07:00,2026-04-17T20:57:37-07:00,0,30
global.js,67,js,b3a1688d,F3rando,2026-04-17,20:57:37,-07:00,2026-04-17T20:57:37-07:00,0,31
global.js,68,js,b3a1688d,F3rando,2026-04-17,20:57:37,-07:00,2026-04-17T20:57:37-07:00,0,50
global.js,69,js,b3a1688d,F3rando,2026-04-17,20:57:37,-07:00,2026-04-17T20:57:37-07:00,0,31
global.js,70,js,b3a1688d,F3rando,2026-04-17,20:57:37,-07:00,2026-04-17T20:57:37-07:00,0,0
global.js,71,js,b3a1688d,F3rando,2026-04-17,20:57:37,-07:00,2026-04-17T20:57:37-07:00,0,0
global.js,72,js,b3a1688d,F3rando,2026-04-17,20:57:37,-07:00,2026-04-17T20:57:37-07:00,0,34
global.js,73,js,b3a1688d,F3rando,2026-04-17,20:57:37,-07:00,2026-04-17T20:57:37-07:00,0,55
global.js,74,js,b3a1688d,F3rando,2026-04-17,20:57:37,-07:00,2026-04-17T20:57:37-07:00,0,40
global.js,75,js,b3a1688d,F3rando,2026-04-17,20:57:37,-07:00,2026-04-17T20:57:37-07:00,0,29
global.js,76,js,b3a1688d,F3rando,2026-04-17,20:57:37,-07:00,2026-04-17T20:57:37-07:00,0,40
global.js,77,js,b3a1688d,F3rando,2026-04-17,20:57:37,-07:00,2026-04-17T20:57:37-07:00,0,2
global.js,78,js,b3a1688d,F3rando,2026-04-17,20:57:37,-07:00,2026-04-17T20:57:37-07:00,0,0
global.js,79,js,b3a1688d,F3rando,2026-04-17,20:57:37,-07:00,2026-04-17T20:57:37-07:00,0,42
global.js,80,js,b3a1688d,F3rando,2026-04-17,20:57:37,-07:00,2026-04-17T20:57:37-07:00,0,35
global.js,81,js,b3a1688d,F3rando,2026-04-17,20:57:37,-07:00,2026-04-17T20:57:37-07:00,0,40
global.js,82,js,b3a1688d,F3rando,2026-04-17,20:57:37,-07:00,2026-04-17T20:57:37-07:00,0,0
global.js,83,js,b3a1688d,F3rando,2026-04-17,20:57:37,-07:00,2026-04-17T20:57:37-07:00,0,0
global.js,84,js,b3a1688d,F3rando,2026-04-17,20:57:37,-07:00,2026-04-17T20:57:37-07:00,0,42
global.js,85,js,b3a1688d,F3rando,2026-04-17,20:57:37,-07:00,2026-04-17T20:57:37-07:00,0,53
global.js,86,js,b3a1688d,F3rando,2026-04-17,20:57:37,-07:00,2026-04-17T20:57:37-07:00,0,43
global.js,87,js,b3a1688d,F3rando,2026-04-17,20:57:37,-07:00,2026-04-17T20:57:37-07:00,0,0
global.js,88,js,b3a1688d,F3rando,2026-04-17,20:57:37,-07:00,2026-04-17T20:57:37-07:00,0,52
global.js,89,js,b3a1688d,F3rando,2026-04-17,20:57:37,-07:00,2026-04-17T20:57:37-07:00,0,44
global.js,90,js,b3a1688d,F3rando,2026-04-17,20:57:37,-07:00,2026-04-17T20:57:37-07:00,0,41
global.js,91,js,b3a1688d,F3rando,2026-04-17,20:57:37,-07:00,2026-04-17T20:57:37-07:00,0,22
global.js,92,js,b3a1688d,F3rando,2026-04-17,20:57:37,-07:00,2026-04-17T20:57:37-07:00,0,0
global.js,93,js,b3a1688d,F3rando,2026-04-17,20:57:37,-07:00,2026-04-17T20:57:37-07:00,0,38
global.js,94,js,b3a1688d,F3rando,2026-04-17,20:57:37,-07:00,2026-04-17T20:57:37-07:00,0,35
global.js,95,js,b3a1688d,F3rando,2026-04-17,20:57:37,-07:00,2026-04-17T20:57:37-07:00,0,0
global.js,96,js,b3a1688d,F3rando,2026-04-17,20:57:37,-07:00,2026-04-17T20:57:37-07:00,0,54
global.js,97,js,b3a1688d,F3rando,2026-04-17,20:57:37,-07:00,2026-04-17T20:57:37-07:00,0,27
global.js,98,js,b3a1688d,F3rando,2026-04-17,20:57:37,-07:00,2026-04-17T20:57:37-07:00,0,0
global.js,99,js,b3a1688d,F3rando,2026-04-17,20:57:37,-07:00,2026-04-17T20:57:37-07:00,0,48
global.js,100,js,b3a1688d,F3rando,2026-04-17,20:57:37,-07:00,2026-04-17T20:57:37-07:00,0,18
global.js,101,js,b3a1688d,F3rando,2026-04-17,20:57:37,-07:00,2026-04-17T20:57:37-07:00,0,38
global.js,102,js,b3a1688d,F3rando,2026-04-17,20:57:37,-07:00,2026-04-17T20:57:37-07:00,0,47
global.js,103,js,b3a1688d,F3rando,2026-04-17,20:57:37,-07:00,2026-04-17T20:57:37-07:00,0,46
global.js,104,js,b3a1688d,F3rando,2026-04-17,20:57:37,-07:00,2026-04-17T20:57:37-07:00,0,0
global.js,105,js,b3a1688d,F3rando,2026-04-17,20:57:37,-07:00,2026-04-17T20:57:37-07:00,0,39
global.js,106,js,b3a1688d,F3rando,2026-04-17,20:57:37,-07:00,2026-04-17T20:57:37-07:00,0,14
global.js,107,js,b3a1688d,F3rando,2026-04-17,20:57:37,-07:00,2026-04-17T20:57:37-07:00,0,10
global.js,108,js,b3a1688d,F3rando,2026-04-17,20:57:37,-07:00,2026-04-17T20:57:37-07:00,0,0
global.js,109,js,b3a1688d,F3rando,2026-04-17,20:57:37,-07:00,2026-04-17T20:57:37-07:00,0,0
global.js,110,js,b3a1688d,F3rando,2026-04-17,20:57:37,-07:00,2026-04-17T20:57:37-07:00,0,24
global.js,111,js,b3a1688d,F3rando,2026-04-17,20:57:37,-07:00,2026-04-17T20:57:37-07:00,0,32
global.js,112,js,b3a1688d,F3rando,2026-04-17,20:57:37,-07:00,2026-04-17T20:57:37-07:00,0,15
global.js,113,js,b3a1688d,F3rando,2026-04-17,20:57:37,-07:00,2026-04-17T20:57:37-07:00,0,0
global.js,114,js,b3a1688d,F3rando,2026-04-17,20:57:37,-07:00,2026-04-17T20:57:37-07:00,0,0
global.js,115,js,b3a1688d,F3rando,2026-04-17,20:57:37,-07:00,2026-04-17T20:57:37-07:00,0,49
global.js,116,js,b3a1688d,F3rando,2026-04-17,20:57:37,-07:00,2026-04-17T20:57:37-07:00,0,19
global.js,117,js,00459eb6,F3rando,2026-04-24,12:12:29,-07:00,2026-04-24T12:12:29-07:00,0,2
global.js,118,js,00459eb6,F3rando,2026-04-24,12:12:29,-07:00,2026-04-24T12:12:29-07:00,0,0
global.js,119,js,00459eb6,F3rando,2026-04-24,12:12:29,-07:00,2026-04-24T12:12:29-07:00,0,37
global.js,120,js,00459eb6,F3rando,2026-04-24,12:12:29,-07:00,2026-04-24T12:12:29-07:00,0,4
global.js,121,js,00459eb6,F3rando,2026-04-24,12:12:29,-07:00,2026-04-24T12:12:29-07:00,0,33
global.js,122,js,00459eb6,F3rando,2026-04-24,12:12:29,-07:00,2026-04-24T12:12:29-07:00,0,0
global.js,123,js,00459eb6,F3rando,2026-04-24,12:12:29,-07:00,2026-04-24T12:12:29-07:00,0,42
global.js,124,js,00459eb6,F3rando,2026-04-24,12:12:29,-07:00,2026-04-24T12:12:29-07:00,0,18
global.js,125,js,00459eb6,F3rando,2026-04-24,12:12:29,-07:00,2026-04-24T12:12:29-07:00,0,58
global.js,126,js,00459eb6,F3rando,2026-04-24,12:12:29,-07:00,2026-04-24T12:12:29-07:00,0,0
global.js,127,js,00459eb6,F3rando,2026-04-24,12:12:29,-07:00,2026-04-24T12:12:29-07:00,0,0
global.js,128,js,00459eb6,F3rando,2026-04-24,12:12:29,-07:00,2026-04-24T12:12:29-07:00,0,43
global.js,129,js,00459eb6,F3rando,2026-04-24,12:12:29,-07:00,2026-04-24T12:12:29-07:00,0,34
global.js,130,js,00459eb6,F3rando,2026-04-24,12:12:29,-07:00,2026-04-24T12:12:29-07:00,0,11
global.js,131,js,00459eb6,F3rando,2026-04-24,12:12:29,-07:00,2026-04-24T12:12:29-07:00,0,0
global.js,132,js,00459eb6,F3rando,2026-04-24,12:12:29,-07:00,2026-04-24T12:12:29-07:00,0,16
global.js,133,js,00459eb6,F3rando,2026-04-24,12:12:29,-07:00,2026-04-24T12:12:29-07:00,0,44
global.js,134,js,00459eb6,F3rando,2026-04-24,12:12:29,-07:00,2026-04-24T12:12:29-07:00,0,0
global.js,135,js,00459eb6,F3rando,2026-04-24,12:12:29,-07:00,2026-04-24T12:12:29-07:00,0,0
global.js,136,js,00459eb6,F3rando,2026-04-24,12:12:29,-07:00,2026-04-24T12:12:29-07:00,0,0
global.js,137,js,00459eb6,F3rando,2026-04-24,12:12:29,-07:00,2026-04-24T12:12:29-07:00,0,80
global.js,138,js,00459eb6,F3rando,2026-04-24,12:12:29,-07:00,2026-04-24T12:12:29-07:00,0,57
global.js,139,js,00459eb6,F3rando,2026-04-24,12:12:29,-07:00,2026-04-24T12:12:29-07:00,0,31
global.js,140,js,00459eb6,F3rando,2026-04-24,12:12:29,-07:00,2026-04-24T12:12:29-07:00,0,0
global.js,141,js,00459eb6,F3rando,2026-04-24,12:12:29,-07:00,2026-04-24T12:12:29-07:00,0,48
global.js,142,js,00459eb6,F3rando,2026-04-24,12:12:29,-07:00,2026-04-24T12:12:29-07:00,0,30
global.js,143,js,00459eb6,F3rando,2026-04-24,12:12:29,-07:00,2026-04-24T12:12:29-07:00,0,49
global.js,144,js,00459eb6,F3rando,2026-04-24,12:12:29,-07:00,2026-04-24T12:12:29-07:00,0,0
global.js,145,js,00459eb6,F3rando,2026-04-24,12:12:29,-07:00,2026-04-24T12:12:29-07:00,0,36
global.js,146,js,00459eb6,F3rando,2026-04-24,12:12:29,-07:00,2026-04-24T12:12:29-07:00,0,15
global.js,147,js,00459eb6,F3rando,2026-04-24,12:12:29,-07:00,2026-04-24T12:12:29-07:00,0,88
global.js,148,js,00459eb6,F3rando,2026-04-24,12:12:29,-07:00,2026-04-24T12:12:29-07:00,0,9
global.js,149,js,00459eb6,F3rando,2026-04-24,12:12:29,-07:00,2026-04-24T12:12:29-07:00,0,49
global.js,150,js,d3cbc5be,F3rando,2026-05-20,23:00:53,-07:00,2026-05-20T23:00:53-07:00,0,40
global.js,151,js,d3cbc5be,F3rando,2026-05-20,23:00:53,-07:00,2026-05-20T23:00:53-07:00,0,17
global.js,152,js,d3cbc5be,F3rando,2026-05-20,23:00:53,-07:00,2026-05-20T23:00:53-07:00,0,64
global.js,153,js,d3cbc5be,F3rando,2026-05-20,23:00:53,-07:00,2026-05-20T23:00:53-07:00,0,7
global.js,154,js,d3cbc5be,F3rando,2026-05-20,23:00:53,-07:00,2026-05-20T23:00:53-07:00,0,7
global.js,155,js,d3cbc5be,F3rando,2026-05-20,23:00:53,-07:00,2026-05-20T23:00:53-07:00,0,46
global.js,156,js,d3cbc5be,F3rando,2026-05-20,23:00:53,-07:00,2026-05-20T23:00:53-07:00,0,4
global.js,157,js,d3cbc5be,F3rando,2026-05-20,23:00:53,-07:00,2026-05-20T23:00:53-07:00,0,29
global.js,158,js,d3cbc5be,F3rando,2026-05-20,23:00:53,-07:00,2026-05-20T23:00:53-07:00,0,106
global.js,159,js,d3cbc5be,F3rando,2026-05-20,23:00:53,-07:00,2026-05-20T23:00:53-07:00,0,4
global.js,160,js,00459eb6,F3rando,2026-04-24,12:12:29,-07:00,2026-04-24T12:12:29-07:00,0,0
global.js,161,js,00459eb6,F3rando,2026-04-24,12:12:29,-07:00,2026-04-24T12:12:29-07:00,0,53
global.js,162,js,00459eb6,F3rando,2026-04-24,12:12:29,-07:00,2026-04-24T12:12:29-07:00,0,20
global.js,163,js,00459eb6,F3rando,2026-04-24,12:12:29,-07:00,2026-04-24T12:12:29-07:00,0,50
global.js,164,js,00459eb6,F3rando,2026-04-24,12:12:29,-07:00,2026-04-24T12:12:29-07:00,0,68
global.js,165,js,b036012a,F3rando,2026-04-30,19:56:26,-07:00,2026-04-30T19:56:26-07:00,0,25
global.js,166,js,b036012a,F3rando,2026-04-30,19:56:26,-07:00,2026-04-30T19:56:26-07:00,0,56
global.js,167,js,b036012a,F3rando,2026-04-30,19:56:26,-07:00,2026-04-30T19:56:26-07:00,0,48
global.js,168,js,d3cbc5be,F3rando,2026-05-20,23:00:53,-07:00,2026-05-20T23:00:53-07:00,0,13
global.js,169,js,b036012a,F3rando,2026-04-30,19:56:26,-07:00,2026-04-30T19:56:26-07:00,0,5
global.js,170,js,00459eb6,F3rando,2026-04-24,12:12:29,-07:00,2026-04-24T12:12:29-07:00,0,1
global.js,171,js,00459eb6,F3rando,2026-04-24,12:12:29,-07:00,2026-04-24T12:12:29-07:00,0,0
global.js,172,js,00459eb6,F3rando,2026-04-24,12:12:29,-07:00,2026-04-24T12:12:29-07:00,0,37
global.js,173,js,00459eb6,F3rando,2026-04-24,12:12:29,-07:00,2026-04-24T12:12:29-07:00,0,37
global.js,174,js,00459eb6,F3rando,2026-04-24,12:12:29,-07:00,2026-04-24T12:12:29-07:00,0,0
global.js,175,js,00459eb6,F3rando,2026-04-24,12:12:29,-07:00,2026-04-24T12:12:29-07:00,0,0
global.js,176,js,00459eb6,F3rando,2026-04-24,12:12:29,-07:00,2026-04-24T12:12:29-07:00,0,0
global.js,177,js,00459eb6,F3rando,2026-04-24,12:12:29,-07:00,2026-04-24T12:12:29-07:00,0,48
global.js,178,js,00459eb6,F3rando,2026-04-24,12:12:29,-07:00,2026-04-24T12:12:29-07:00,0,60
global.js,179,js,00459eb6,F3rando,2026-04-24,12:12:29,-07:00,2026-04-24T12:12:29-07:00,0,0
global.js,180,js,00459eb6,F3rando,2026-04-24,12:12:29,-07:00,2026-04-24T12:12:29-07:00,0,0
global.js,181,js,00459eb6,F3rando,2026-04-24,12:12:29,-07:00,2026-04-24T12:12:29-07:00,0,47
global.js,182,js,00459eb6,F3rando,2026-04-24,12:12:29,-07:00,2026-04-24T12:12:29-07:00,0,46
projects/projects.js,1,js,00459eb6,F3rando,2026-04-24,12:12:29,-07:00,2026-04-24T12:12:29-07:00,0,56
projects/projects.js,2,js,b036012a,F3rando,2026-04-30,19:56:26,-07:00,2026-04-30T19:56:26-07:00,0,64
projects/projects.js,3,js,b036012a,F3rando,2026-04-30,19:56:26,-07:00,2026-04-30T19:56:26-07:00,0,0
projects/projects.js,4,js,b036012a,F3rando,2026-04-30,19:56:26,-07:00,2026-04-30T19:56:26-07:00,0,16
projects/projects.js,5,js,00459eb6,F3rando,2026-04-24,12:12:29,-07:00,2026-04-24T12:12:29-07:00,0,56
projects/projects.js,6,js,00459eb6,F3rando,2026-04-24,12:12:29,-07:00,2026-04-24T12:12:29-07:00,0,0
projects/projects.js,7,js,b036012a,F3rando,2026-04-30,19:56:26,-07:00,2026-04-30T19:56:26-07:00,0,14
projects/projects.js,8,js,b036012a,F3rando,2026-04-30,19:56:26,-07:00,2026-04-30T19:56:26-07:00,0,23
projects/projects.js,9,js,b036012a,F3rando,2026-04-30,19:56:26,-07:00,2026-04-30T19:56:26-07:00,0,0
projects/projects.js,10,js,b036012a,F3rando,2026-04-30,19:56:26,-07:00,2026-04-30T19:56:26-07:00,0,37
projects/projects.js,11,js,b036012a,F3rando,2026-04-30,19:56:26,-07:00,2026-04-30T19:56:26-07:00,0,36
projects/projects.js,12,js,b036012a,F3rando,2026-04-30,19:56:26,-07:00,2026-04-30T19:56:26-07:00,0,0
projects/projects.js,13,js,b036012a,F3rando,2026-04-30,19:56:26,-07:00,2026-04-30T19:56:26-07:00,0,11
projects/projects.js,14,js,b036012a,F3rando,2026-04-30,19:56:26,-07:00,2026-04-30T19:56:26-07:00,0,56
projects/projects.js,15,js,b036012a,F3rando,2026-04-30,19:56:26,-07:00,2026-04-30T19:56:26-07:00,0,60
projects/projects.js,16,js,b036012a,F3rando,2026-04-30,19:56:26,-07:00,2026-04-30T19:56:26-07:00,0,43
projects/projects.js,17,js,b036012a,F3rando,2026-04-30,19:56:26,-07:00,2026-04-30T19:56:26-07:00,0,2
projects/projects.js,18,js,b036012a,F3rando,2026-04-30,19:56:26,-07:00,2026-04-30T19:56:26-07:00,0,0
projects/projects.js,19,js,b036012a,F3rando,2026-04-30,19:56:26,-07:00,2026-04-30T19:56:26-07:00,0,0
projects/projects.js,20,js,b036012a,F3rando,2026-04-30,19:56:26,-07:00,2026-04-30T19:56:26-07:00,0,27
projects/projects.js,21,js,b036012a,F3rando,2026-04-30,19:56:26,-07:00,2026-04-30T19:56:26-07:00,0,86
projects/projects.js,22,js,b036012a,F3rando,2026-04-30,19:56:26,-07:00,2026-04-30T19:56:26-07:00,0,0
projects/projects.js,23,js,b036012a,F3rando,2026-04-30,19:56:26,-07:00,2026-04-30T19:56:26-07:00,0,0
projects/projects.js,24,js,b036012a,F3rando,2026-04-30,19:56:26,-07:00,2026-04-30T19:56:26-07:00,0,23
projects/projects.js,25,js,b036012a,F3rando,2026-04-30,19:56:26,-07:00,2026-04-30T19:56:26-07:00,0,0
projects/projects.js,26,js,b036012a,F3rando,2026-04-30,19:56:26,-07:00,2026-04-30T19:56:26-07:00,0,0
projects/projects.js,27,js,b036012a,F3rando,2026-04-30,19:56:26,-07:00,2026-04-30T19:56:26-07:00,0,39
projects/projects.js,28,js,b036012a,F3rando,2026-04-30,19:56:26,-07:00,2026-04-30T19:56:26-07:00,0,27
projects/projects.js,29,js,b036012a,F3rando,2026-04-30,19:56:26,-07:00,2026-04-30T19:56:26-07:00,0,13
projects/projects.js,30,js,b036012a,F3rando,2026-04-30,19:56:26,-07:00,2026-04-30T19:56:26-07:00,0,15
projects/projects.js,31,js,b036012a,F3rando,2026-04-30,19:56:26,-07:00,2026-04-30T19:56:26-07:00,0,13
projects/projects.js,32,js,b036012a,F3rando,2026-04-30,19:56:26,-07:00,2026-04-30T19:56:26-07:00,0,1
projects/projects.js,33,js,b036012a,F3rando,2026-04-30,19:56:26,-07:00,2026-04-30T19:56:26-07:00,0,0
projects/projects.js,34,js,b036012a,F3rando,2026-04-30,19:56:26,-07:00,2026-04-30T19:56:26-07:00,0,45
projects/projects.js,35,js,b036012a,F3rando,2026-04-30,19:56:26,-07:00,2026-04-30T19:56:26-07:00,0,36
projects/projects.js,36,js,b036012a,F3rando,2026-04-30,19:56:26,-07:00,2026-04-30T19:56:26-07:00,0,2
projects/projects.js,37,js,b036012a,F3rando,2026-04-30,19:56:26,-07:00,2026-04-30T19:56:26-07:00,0,0
projects/projects.js,38,js,b036012a,F3rando,2026-04-30,19:56:26,-07:00,2026-04-30T19:56:26-07:00,0,58
projects/projects.js,39,js,b036012a,F3rando,2026-04-30,19:56:26,-07:00,2026-04-30T19:56:26-07:00,0,51
projects/projects.js,40,js,b036012a,F3rando,2026-04-30,19:56:26,-07:00,2026-04-30T19:56:26-07:00,0,34
projects/projects.js,41,js,b036012a,F3rando,2026-04-30,19:56:26,-07:00,2026-04-30T19:56:26-07:00,0,46
projects/projects.js,42,js,b036012a,F3rando,2026-04-30,19:56:26,-07:00,2026-04-30T19:56:26-07:00,0,0
projects/projects.js,43,js,b036012a,F3rando,2026-04-30,19:56:26,-07:00,2026-04-30T19:56:26-07:00,0,81
projects/projects.js,44,js,b036012a,F3rando,2026-04-30,19:56:26,-07:00,2026-04-30T19:56:26-07:00,0,0
projects/projects.js,45,js,b036012a,F3rando,2026-04-30,19:56:26,-07:00,2026-04-30T19:56:26-07:00,0,46
projects/projects.js,46,js,b036012a,F3rando,2026-04-30,19:56:26,-07:00,2026-04-30T19:56:26-07:00,0,33
projects/projects.js,47,js,b036012a,F3rando,2026-04-30,19:56:26,-07:00,2026-04-30T19:56:26-07:00,0,0
projects/projects.js,48,js,b036012a,F3rando,2026-04-30,19:56:26,-07:00,2026-04-30T19:56:26-07:00,0,27
projects/projects.js,49,js,b036012a,F3rando,2026-04-30,19:56:26,-07:00,2026-04-30T19:56:26-07:00,0,37
projects/projects.js,50,js,b036012a,F3rando,2026-04-30,19:56:26,-07:00,2026-04-30T19:56:26-07:00,0,5
projects/projects.js,51,js,b036012a,F3rando,2026-04-30,19:56:26,-07:00,2026-04-30T19:56:26-07:00,0,14
projects/projects.js,52,js,b036012a,F3rando,2026-04-30,19:56:26,-07:00,2026-04-30T19:56:26-07:00,0,14
projects/projects.js,53,js,b036012a,F3rando,2026-04-30,19:56:26,-07:00,2026-04-30T19:56:26-07:00,0,26
projects/projects.js,54,js,b036012a,F3rando,2026-04-30,19:56:26,-07:00,2026-04-30T19:56:26-07:00,0,71
projects/projects.js,55,js,b036012a,F3rando,2026-04-30,19:56:26,-07:00,2026-04-30T19:56:26-07:00,0,19
projects/projects.js,56,js,b036012a,F3rando,2026-04-30,19:56:26,-07:00,2026-04-30T19:56:26-07:00,0,50
projects/projects.js,57,js,b036012a,F3rando,2026-04-30,19:56:26,-07:00,2026-04-30T19:56:26-07:00,0,10
projects/projects.js,58,js,b036012a,F3rando,2026-04-30,19:56:26,-07:00,2026-04-30T19:56:26-07:00,0,2
projects/projects.js,59,js,b036012a,F3rando,2026-04-30,19:56:26,-07:00,2026-04-30T19:56:26-07:00,0,2
projects/projects.js,60,js,b036012a,F3rando,2026-04-30,19:56:26,-07:00,2026-04-30T19:56:26-07:00,0,0
projects/projects.js,61,js,b036012a,F3rando,2026-04-30,19:56:26,-07:00,2026-04-30T19:56:26-07:00,0,33
projects/projects.js,62,js,b036012a,F3rando,2026-04-30,19:56:26,-07:00,2026-04-30T19:56:26-07:00,0,31
projects/projects.js,63,js,b036012a,F3rando,2026-04-30,19:56:26,-07:00,2026-04-30T19:56:26-07:00,0,0
projects/projects.js,64,js,b036012a,F3rando,2026-04-30,19:56:26,-07:00,2026-04-30T19:56:26-07:00,0,25
projects/projects.js,65,js,b036012a,F3rando,2026-04-30,19:56:26,-07:00,2026-04-30T19:56:26-07:00,0,5
projects/projects.js,66,js,b036012a,F3rando,2026-04-30,19:56:26,-07:00,2026-04-30T19:56:26-07:00,0,12
projects/projects.js,67,js,b036012a,F3rando,2026-04-30,19:56:26,-07:00,2026-04-30T19:56:26-07:00,0,80
projects/projects.js,68,js,b036012a,F3rando,2026-04-30,19:56:26,-07:00,2026-04-30T19:56:26-07:00,0,43
projects/projects.js,69,js,b036012a,F3rando,2026-04-30,19:56:26,-07:00,2026-04-30T19:56:26-07:00,0,69
projects/projects.js,70,js,b036012a,F3rando,2026-04-30,19:56:26,-07:00,2026-04-30T19:56:26-07:00,0,19
projects/projects.js,71,js,b036012a,F3rando,2026-04-30,19:56:26,-07:00,2026-04-30T19:56:26-07:00,0,56
projects/projects.js,72,js,b036012a,F3rando,2026-04-30,19:56:26,-07:00,2026-04-30T19:56:26-07:00,0,10
projects/projects.js,73,js,b036012a,F3rando,2026-04-30,19:56:26,-07:00,2026-04-30T19:56:26-07:00,0,2
projects/projects.js,74,js,b036012a,F3rando,2026-04-30,19:56:26,-07:00,2026-04-30T19:56:26-07:00,0,2
projects/projects.js,75,js,b036012a,F3rando,2026-04-30,19:56:26,-07:00,2026-04-30T19:56:26-07:00,0,0
projects/projects.js,76,js,b036012a,F3rando,2026-04-30,19:56:26,-07:00,2026-04-30T19:56:26-07:00,0,0
projects/projects.js,77,js,b036012a,F3rando,2026-04-30,19:56:26,-07:00,2026-04-30T19:56:26-07:00,0,48
projects/projects.js,78,js,00459eb6,F3rando,2026-04-24,12:12:29,-07:00,2026-04-24T12:12:29-07:00,0,61
projects/projects.js,79,js,00459eb6,F3rando,2026-04-24,12:12:29,-07:00,2026-04-24T12:12:29-07:00,0,0
projects/projects.js,80,js,b036012a,F3rando,2026-04-30,19:56:26,-07:00,2026-04-30T19:56:26-07:00,0,20
projects/projects.js,81,js,b036012a,F3rando,2026-04-30,19:56:26,-07:00,2026-04-30T19:56:26-07:00,0,47
projects/projects.js,82,js,b036012a,F3rando,2026-04-30,19:56:26,-07:00,2026-04-30T19:56:26-07:00,0,57
projects/projects.js,83,js,b036012a,F3rando,2026-04-30,19:56:26,-07:00,2026-04-30T19:56:26-07:00,0,32
projects/projects.js,84,js,b036012a,F3rando,2026-04-30,19:56:26,-07:00,2026-04-30T19:56:26-07:00,0,0
projects/projects.js,85,js,b036012a,F3rando,2026-04-30,19:56:26,-07:00,2026-04-30T19:56:26-07:00,0,0
projects/projects.js,86,js,b036012a,F3rando,2026-04-30,19:56:26,-07:00,2026-04-30T19:56:26-07:00,0,21
projects/projects.js,87,js,b036012a,F3rando,2026-04-30,19:56:26,-07:00,2026-04-30T19:56:26-07:00,0,10
projects/projects.js,88,js,00459eb6,F3rando,2026-04-24,12:12:29,-07:00,2026-04-24T12:12:29-07:00,0,0
projects/projects.js,89,js,00459eb6,F3rando,2026-04-24,12:12:29,-07:00,2026-04-24T12:12:29-07:00,0,47
projects/projects.js,90,js,00459eb6,F3rando,2026-04-24,12:12:29,-07:00,2026-04-24T12:12:29-07:00,0,63
projects/projects.js,91,js,00459eb6,F3rando,2026-04-24,12:12:29,-07:00,2026-04-24T12:12:29-07:00,0,19
projects/projects.js,92,js,00459eb6,F3rando,2026-04-24,12:12:29,-07:00,2026-04-24T12:12:29-07:00,0,59
projects/projects.js,93,js,b036012a,F3rando,2026-04-30,19:56:26,-07:00,2026-04-30T19:56:26-07:00,0,0
projects/projects.js,94,js,b036012a,F3rando,2026-04-30,19:56:26,-07:00,2026-04-30T19:56:26-07:00,0,0
projects/projects.js,95,js,b036012a,F3rando,2026-04-30,19:56:26,-07:00,2026-04-30T19:56:26-07:00,0,54
projects/projects.js,96,js,b036012a,F3rando,2026-04-30,19:56:26,-07:00,2026-04-30T19:56:26-07:00,0,50
projects/projects.js,97,js,b036012a,F3rando,2026-04-30,19:56:26,-07:00,2026-04-30T19:56:26-07:00,0,26
projects/projects.js,98,js,b036012a,F3rando,2026-04-30,19:56:26,-07:00,2026-04-30T19:56:26-07:00,0,10
projects/projects.js,99,js,b036012a,F3rando,2026-04-30,19:56:26,-07:00,2026-04-30T19:56:26-07:00,0,2
projects/index.html,1,html,72265daa,F3rando,2026-04-03,13:43:44,-07:00,2026-04-03T13:43:44-07:00,0,14
projects/index.html,2,html,72265daa,F3rando,2026-04-03,13:43:44,-07:00,2026-04-03T13:43:44-07:00,0,15
projects/index.html,3,html,72265daa,F3rando,2026-04-03,13:43:44,-07:00,2026-04-03T13:43:44-07:00,0,5
projects/index.html,4,html,72265daa,F3rando,2026-04-03,13:43:44,-07:00,2026-04-03T13:43:44-07:00,0,21
projects/index.html,5,html,72265daa,F3rando,2026-04-03,13:43:44,-07:00,2026-04-03T13:43:44-07:00,0,69
projects/index.html,6,html,72265daa,F3rando,2026-04-03,13:43:44,-07:00,2026-04-03T13:43:44-07:00,0,22
projects/index.html,7,html,72265daa,F3rando,2026-04-03,13:43:44,-07:00,2026-04-03T13:43:44-07:00,0,104
projects/index.html,8,html,72265daa,F3rando,2026-04-03,13:43:44,-07:00,2026-04-03T13:43:44-07:00,0,42
projects/index.html,9,html,1e288bbd,F3rando,2026-04-17,21:02:26,-07:00,2026-04-17T21:02:26-07:00,0,49
projects/index.html,10,html,72265daa,F3rando,2026-04-03,13:43:44,-07:00,2026-04-03T13:43:44-07:00,0,6
projects/index.html,11,html,72265daa,F3rando,2026-04-03,13:43:44,-07:00,2026-04-03T13:43:44-07:00,0,5
projects/index.html,12,html,00459eb6,F3rando,2026-04-24,12:12:29,-07:00,2026-04-24T12:12:29-07:00,0,43
projects/index.html,13,html,b036012a,F3rando,2026-04-30,19:56:26,-07:00,2026-04-30T19:56:26-07:00,0,22
projects/index.html,14,html,b036012a,F3rando,2026-04-30,19:56:26,-07:00,2026-04-30T19:56:26-07:00,0,59
projects/index.html,15,html,b036012a,F3rando,2026-04-30,19:56:26,-07:00,2026-04-30T19:56:26-07:00,0,23
projects/index.html,16,html,b036012a,F3rando,2026-04-30,19:56:26,-07:00,2026-04-30T19:56:26-07:00,0,5
projects/index.html,17,html,b036012a,F3rando,2026-04-30,19:56:26,-07:00,2026-04-30T19:56:26-07:00,0,24
projects/index.html,18,html,b036012a,F3rando,2026-04-30,19:56:26,-07:00,2026-04-30T19:56:26-07:00,0,5
projects/index.html,19,html,b036012a,F3rando,2026-04-30,19:56:26,-07:00,2026-04-30T19:56:26-07:00,0,16
projects/index.html,20,html,b036012a,F3rando,2026-04-30,19:56:26,-07:00,2026-04-30T19:56:26-07:00,0,12
projects/index.html,21,html,b036012a,F3rando,2026-04-30,19:56:26,-07:00,2026-04-30T19:56:26-07:00,0,27
projects/index.html,22,html,b036012a,F3rando,2026-04-30,19:56:26,-07:00,2026-04-30T19:56:26-07:00,0,31
projects/index.html,23,html,b036012a,F3rando,2026-04-30,19:56:26,-07:00,2026-04-30T19:56:26-07:00,0,1
projects/index.html,24,html,b036012a,F3rando,2026-04-30,19:56:26,-07:00,2026-04-30T19:56:26-07:00,0,5
projects/index.html,25,html,72265daa,F3rando,2026-04-03,13:43:44,-07:00,2026-04-03T13:43:44-07:00,0,0
projects/index.html,26,html,00459eb6,F3rando,2026-04-24,12:12:29,-07:00,2026-04-24T12:12:29-07:00,0,41
projects/index.html,27,html,00459eb6,F3rando,2026-04-24,12:12:29,-07:00,2026-04-24T12:12:29-07:00,0,48
projects/index.html,28,html,72265daa,F3rando,2026-04-03,13:43:44,-07:00,2026-04-03T13:43:44-07:00,0,6
projects/index.html,29,html,72265daa,F3rando,2026-04-03,13:43:44,-07:00,2026-04-03T13:43:44-07:00,0,6
meta/main.js,1,js,92007575,F3rando,2026-05-08,18:11:00,-07:00,2026-05-08T18:11:00-07:00,0,64
meta/main.js,2,js,00000000,Not Committed Yet,2026-05-21,13:25:36,-07:00,2026-05-21T13:25:36-07:00,0,73
meta/main.js,3,js,92007575,F3rando,2026-05-08,18:11:00,-07:00,2026-05-08T18:11:00-07:00,0,0
meta/main.js,4,js,92007575,F3rando,2026-05-08,18:11:00,-07:00,2026-05-08T18:11:00-07:00,0,39
meta/main.js,5,js,92007575,F3rando,2026-05-08,18:11:00,-07:00,2026-05-08T18:11:00-07:00,0,0
meta/main.js,6,js,00000000,Not Committed Yet,2026-05-21,13:25:36,-07:00,2026-05-21T13:25:36-07:00,0,24
meta/main.js,7,js,00000000,Not Committed Yet,2026-05-21,13:25:36,-07:00,2026-05-21T13:25:36-07:00,0,24
meta/main.js,8,js,00000000,Not Committed Yet,2026-05-21,13:25:36,-07:00,2026-05-21T13:25:36-07:00,0,65
meta/main.js,9,js,00000000,Not Committed Yet,2026-05-21,13:25:36,-07:00,2026-05-21T13:25:36-07:00,0,0
meta/main.js,10,js,00000000,Not Committed Yet,2026-05-21,13:25:36,-07:00,2026-05-21T13:25:36-07:00,0,11
meta/main.js,11,js,00000000,Not Committed Yet,2026-05-21,13:25:36,-07:00,2026-05-21T13:25:36-07:00,0,14
meta/main.js,12,js,00000000,Not Committed Yet,2026-05-21,13:25:36,-07:00,2026-05-21T13:25:36-07:00,0,19
meta/main.js,13,js,00000000,Not Committed Yet,2026-05-21,13:25:36,-07:00,2026-05-21T13:25:36-07:00,0,18
meta/main.js,14,js,00000000,Not Committed Yet,2026-05-21,13:25:36,-07:00,2026-05-21T13:25:36-07:00,0,0
meta/main.js,15,js,00000000,Not Committed Yet,2026-05-21,13:25:36,-07:00,2026-05-21T13:25:36-07:00,0,24
meta/main.js,16,js,00000000,Not Committed Yet,2026-05-21,13:25:36,-07:00,2026-05-21T13:25:36-07:00,0,17
meta/main.js,17,js,00000000,Not Committed Yet,2026-05-21,13:25:36,-07:00,2026-05-21T13:25:36-07:00,0,13
meta/main.js,18,js,00000000,Not Committed Yet,2026-05-21,13:25:36,-07:00,2026-05-21T13:25:36-07:00,0,0
meta/main.js,19,js,00000000,Not Committed Yet,2026-05-21,13:25:36,-07:00,2026-05-21T13:25:36-07:00,0,15
meta/main.js,20,js,00000000,Not Committed Yet,2026-05-21,13:25:36,-07:00,2026-05-21T13:25:36-07:00,0,15
meta/main.js,21,js,00000000,Not Committed Yet,2026-05-21,13:25:36,-07:00,2026-05-21T13:25:36-07:00,0,15
meta/main.js,22,js,00000000,Not Committed Yet,2026-05-21,13:25:36,-07:00,2026-05-21T13:25:36-07:00,0,19
meta/main.js,23,js,00000000,Not Committed Yet,2026-05-21,13:25:36,-07:00,2026-05-21T13:25:36-07:00,0,0
meta/main.js,24,js,00000000,Not Committed Yet,2026-05-21,13:25:36,-07:00,2026-05-21T13:25:36-07:00,0,58
meta/main.js,25,js,00000000,Not Committed Yet,2026-05-21,13:25:36,-07:00,2026-05-21T13:25:36-07:00,0,0
meta/main.js,26,js,92007575,F3rando,2026-05-08,18:11:00,-07:00,2026-05-08T18:11:00-07:00,0,26
meta/main.js,27,js,92007575,F3rando,2026-05-08,18:11:00,-07:00,2026-05-08T18:11:00-07:00,0,47
meta/main.js,28,js,92007575,F3rando,2026-05-08,18:11:00,-07:00,2026-05-08T18:11:00-07:00,0,6
meta/main.js,29,js,92007575,F3rando,2026-05-08,18:11:00,-07:00,2026-05-08T18:11:00-07:00,0,22
meta/main.js,30,js,92007575,F3rando,2026-05-08,18:11:00,-07:00,2026-05-08T18:11:00-07:00,0,24
meta/main.js,31,js,92007575,F3rando,2026-05-08,18:11:00,-07:00,2026-05-08T18:11:00-07:00,0,26
meta/main.js,32,js,92007575,F3rando,2026-05-08,18:11:00,-07:00,2026-05-08T18:11:00-07:00,0,50
meta/main.js,33,js,92007575,F3rando,2026-05-08,18:11:00,-07:00,2026-05-08T18:11:00-07:00,0,32
meta/main.js,34,js,92007575,F3rando,2026-05-08,18:11:00,-07:00,2026-05-08T18:11:00-07:00,0,3
meta/main.js,35,js,92007575,F3rando,2026-05-08,18:11:00,-07:00,2026-05-08T18:11:00-07:00,0,11
meta/main.js,36,js,92007575,F3rando,2026-05-08,18:11:00,-07:00,2026-05-08T18:11:00-07:00,0,0
meta/main.js,37,js,92007575,F3rando,2026-05-08,18:11:00,-07:00,2026-05-08T18:11:00-07:00,0,0
meta/main.js,38,js,92007575,F3rando,2026-05-08,18:11:00,-07:00,2026-05-08T18:11:00-07:00,0,30
meta/main.js,39,js,92007575,F3rando,2026-05-08,18:11:00,-07:00,2026-05-08T18:11:00-07:00,0,8
meta/main.js,40,js,92007575,F3rando,2026-05-08,18:11:00,-07:00,2026-05-08T18:11:00-07:00,0,29
meta/main.js,41,js,92007575,F3rando,2026-05-08,18:11:00,-07:00,2026-05-08T18:11:00-07:00,0,26
meta/main.js,42,js,92007575,F3rando,2026-05-08,18:11:00,-07:00,2026-05-08T18:11:00-07:00,0,22
meta/main.js,43,js,92007575,F3rando,2026-05-08,18:11:00,-07:00,2026-05-08T18:11:00-07:00,0,56
meta/main.js,44,js,92007575,F3rando,2026-05-08,18:11:00,-07:00,2026-05-08T18:11:00-07:00,0,12
meta/main.js,45,js,92007575,F3rando,2026-05-08,18:11:00,-07:00,2026-05-08T18:11:00-07:00,0,10
meta/main.js,46,js,92007575,F3rando,2026-05-08,18:11:00,-07:00,2026-05-08T18:11:00-07:00,0,57
meta/main.js,47,js,92007575,F3rando,2026-05-08,18:11:00,-07:00,2026-05-08T18:11:00-07:00,0,6
meta/main.js,48,js,92007575,F3rando,2026-05-08,18:11:00,-07:00,2026-05-08T18:11:00-07:00,0,4
meta/main.js,49,js,92007575,F3rando,2026-05-08,18:11:00,-07:00,2026-05-08T18:11:00-07:00,0,4
meta/main.js,50,js,92007575,F3rando,2026-05-08,18:11:00,-07:00,2026-05-08T18:11:00-07:00,0,8
meta/main.js,51,js,92007575,F3rando,2026-05-08,18:11:00,-07:00,2026-05-08T18:11:00-07:00,0,8
meta/main.js,52,js,92007575,F3rando,2026-05-08,18:11:00,-07:00,2026-05-08T18:11:00-07:00,0,58
meta/main.js,53,js,92007575,F3rando,2026-05-08,18:11:00,-07:00,2026-05-08T18:11:00-07:00,0,24
meta/main.js,54,js,92007575,F3rando,2026-05-08,18:11:00,-07:00,2026-05-08T18:11:00-07:00,0,1
meta/main.js,55,js,92007575,F3rando,2026-05-08,18:11:00,-07:00,2026-05-08T18:11:00-07:00,0,0
meta/main.js,56,js,92007575,F3rando,2026-05-08,18:11:00,-07:00,2026-05-08T18:11:00-07:00,0,36
meta/main.js,57,js,92007575,F3rando,2026-05-08,18:11:00,-07:00,2026-05-08T18:11:00-07:00,0,12
meta/main.js,58,js,92007575,F3rando,2026-05-08,18:11:00,-07:00,2026-05-08T18:11:00-07:00,0,17
meta/main.js,59,js,92007575,F3rando,2026-05-08,18:11:00,-07:00,2026-05-08T18:11:00-07:00,0,15
meta/main.js,60,js,92007575,F3rando,2026-05-08,18:11:00,-07:00,2026-05-08T18:11:00-07:00,0,18
meta/main.js,61,js,92007575,F3rando,2026-05-08,18:11:00,-07:00,2026-05-08T18:11:00-07:00,0,2
meta/main.js,62,js,92007575,F3rando,2026-05-08,18:11:00,-07:00,2026-05-08T18:11:00-07:00,0,0
meta/main.js,63,js,92007575,F3rando,2026-05-08,18:11:00,-07:00,2026-05-08T18:11:00-07:00,0,10
meta/main.js,64,js,00000000,Not Committed Yet,2026-05-21,13:25:36,-07:00,2026-05-21T13:25:36-07:00,0,1
meta/main.js,65,js,00000000,Not Committed Yet,2026-05-21,13:25:36,-07:00,2026-05-21T13:25:36-07:00,0,53
meta/main.js,66,js,92007575,F3rando,2026-05-08,18:11:00,-07:00,2026-05-08T18:11:00-07:00,0,0
meta/main.js,67,js,92007575,F3rando,2026-05-08,18:11:00,-07:00,2026-05-08T18:11:00-07:00,0,0
meta/main.js,68,js,92007575,F3rando,2026-05-08,18:11:00,-07:00,2026-05-08T18:11:00-07:00,0,41
meta/main.js,69,js,92007575,F3rando,2026-05-08,18:11:00,-07:00,2026-05-08T18:11:00-07:00,0,66
meta/main.js,70,js,92007575,F3rando,2026-05-08,18:11:00,-07:00,2026-05-08T18:11:00-07:00,0,0
meta/main.js,71,js,92007575,F3rando,2026-05-08,18:11:00,-07:00,2026-05-08T18:11:00-07:00,0,68
meta/main.js,72,js,92007575,F3rando,2026-05-08,18:11:00,-07:00,2026-05-08T18:11:00-07:00,0,33
meta/main.js,73,js,92007575,F3rando,2026-05-08,18:11:00,-07:00,2026-05-08T18:11:00-07:00,0,0
meta/main.js,74,js,92007575,F3rando,2026-05-08,18:11:00,-07:00,2026-05-08T18:11:00-07:00,0,37
meta/main.js,75,js,92007575,F3rando,2026-05-08,18:11:00,-07:00,2026-05-08T18:11:00-07:00,0,36
meta/main.js,76,js,92007575,F3rando,2026-05-08,18:11:00,-07:00,2026-05-08T18:11:00-07:00,0,0
meta/main.js,77,js,92007575,F3rando,2026-05-08,18:11:00,-07:00,2026-05-08T18:11:00-07:00,0,38
meta/main.js,78,js,92007575,F3rando,2026-05-08,18:11:00,-07:00,2026-05-08T18:11:00-07:00,0,56
meta/main.js,79,js,92007575,F3rando,2026-05-08,18:11:00,-07:00,2026-05-08T18:11:00-07:00,0,0
meta/main.js,80,js,92007575,F3rando,2026-05-08,18:11:00,-07:00,2026-05-08T18:11:00-07:00,0,41
meta/main.js,81,js,92007575,F3rando,2026-05-08,18:11:00,-07:00,2026-05-08T18:11:00-07:00,0,55
meta/main.js,82,js,92007575,F3rando,2026-05-08,18:11:00,-07:00,2026-05-08T18:11:00-07:00,0,0
meta/main.js,83,js,92007575,F3rando,2026-05-08,18:11:00,-07:00,2026-05-08T18:11:00-07:00,0,45
meta/main.js,84,js,92007575,F3rando,2026-05-08,18:11:00,-07:00,2026-05-08T18:11:00-07:00,0,39
meta/main.js,85,js,92007575,F3rando,2026-05-08,18:11:00,-07:00,2026-05-08T18:11:00-07:00,0,73
meta/main.js,86,js,92007575,F3rando,2026-05-08,18:11:00,-07:00,2026-05-08T18:11:00-07:00,0,0
meta/main.js,87,js,92007575,F3rando,2026-05-08,18:11:00,-07:00,2026-05-08T18:11:00-07:00,0,28
meta/main.js,88,js,92007575,F3rando,2026-05-08,18:11:00,-07:00,2026-05-08T18:11:00-07:00,0,4
meta/main.js,89,js,92007575,F3rando,2026-05-08,18:11:00,-07:00,2026-05-08T18:11:00-07:00,0,15
meta/main.js,90,js,92007575,F3rando,2026-05-08,18:11:00,-07:00,2026-05-08T18:11:00-07:00,0,62
meta/main.js,91,js,92007575,F3rando,2026-05-08,18:11:00,-07:00,2026-05-08T18:11:00-07:00,0,1
meta/main.js,92,js,92007575,F3rando,2026-05-08,18:11:00,-07:00,2026-05-08T18:11:00-07:00,0,59
meta/main.js,93,js,92007575,F3rando,2026-05-08,18:11:00,-07:00,2026-05-08T18:11:00-07:00,0,39
meta/main.js,94,js,92007575,F3rando,2026-05-08,18:11:00,-07:00,2026-05-08T18:11:00-07:00,0,39
meta/main.js,95,js,92007575,F3rando,2026-05-08,18:11:00,-07:00,2026-05-08T18:11:00-07:00,0,0
meta/main.js,96,js,92007575,F3rando,2026-05-08,18:11:00,-07:00,2026-05-08T18:11:00-07:00,0,0
meta/main.js,97,js,92007575,F3rando,2026-05-08,18:11:00,-07:00,2026-05-08T18:11:00-07:00,0,38
meta/main.js,98,js,92007575,F3rando,2026-05-08,18:11:00,-07:00,2026-05-08T18:11:00-07:00,0,51
meta/main.js,99,js,92007575,F3rando,2026-05-08,18:11:00,-07:00,2026-05-08T18:11:00-07:00,0,51
meta/main.js,100,js,92007575,F3rando,2026-05-08,18:11:00,-07:00,2026-05-08T18:11:00-07:00,0,53
meta/main.js,101,js,92007575,F3rando,2026-05-08,18:11:00,-07:00,2026-05-08T18:11:00-07:00,0,55
meta/main.js,102,js,92007575,F3rando,2026-05-08,18:11:00,-07:00,2026-05-08T18:11:00-07:00,0,53
meta/main.js,103,js,92007575,F3rando,2026-05-08,18:11:00,-07:00,2026-05-08T18:11:00-07:00,0,0
meta/main.js,104,js,92007575,F3rando,2026-05-08,18:11:00,-07:00,2026-05-08T18:11:00-07:00,0,44
meta/main.js,105,js,92007575,F3rando,2026-05-08,18:11:00,-07:00,2026-05-08T18:11:00-07:00,0,0
meta/main.js,106,js,92007575,F3rando,2026-05-08,18:11:00,-07:00,2026-05-08T18:11:00-07:00,0,22
meta/main.js,107,js,92007575,F3rando,2026-05-08,18:11:00,-07:00,2026-05-08T18:11:00-07:00,0,28
meta/main.js,108,js,92007575,F3rando,2026-05-08,18:11:00,-07:00,2026-05-08T18:11:00-07:00,0,57
meta/main.js,109,js,92007575,F3rando,2026-05-08,18:11:00,-07:00,2026-05-08T18:11:00-07:00,0,17
meta/main.js,110,js,92007575,F3rando,2026-05-08,18:11:00,-07:00,2026-05-08T18:11:00-07:00,0,2
meta/main.js,111,js,92007575,F3rando,2026-05-08,18:11:00,-07:00,2026-05-08T18:11:00-07:00,0,19
meta/main.js,112,js,92007575,F3rando,2026-05-08,18:11:00,-07:00,2026-05-08T18:11:00-07:00,0,42
meta/main.js,113,js,92007575,F3rando,2026-05-08,18:11:00,-07:00,2026-05-08T18:11:00-07:00,0,18
meta/main.js,114,js,92007575,F3rando,2026-05-08,18:11:00,-07:00,2026-05-08T18:11:00-07:00,0,8
meta/main.js,115,js,92007575,F3rando,2026-05-08,18:11:00,-07:00,2026-05-08T18:11:00-07:00,0,40
meta/main.js,116,js,92007575,F3rando,2026-05-08,18:11:00,-07:00,2026-05-08T18:11:00-07:00,0,51
meta/main.js,117,js,92007575,F3rando,2026-05-08,18:11:00,-07:00,2026-05-08T18:11:00-07:00,0,0
meta/main.js,118,js,92007575,F3rando,2026-05-08,18:11:00,-07:00,2026-05-08T18:11:00-07:00,0,0
meta/main.js,119,js,92007575,F3rando,2026-05-08,18:11:00,-07:00,2026-05-08T18:11:00-07:00,0,44
meta/main.js,120,js,92007575,F3rando,2026-05-08,18:11:00,-07:00,2026-05-08T18:11:00-07:00,0,57
meta/main.js,121,js,92007575,F3rando,2026-05-08,18:11:00,-07:00,2026-05-08T18:11:00-07:00,0,20
meta/main.js,122,js,92007575,F3rando,2026-05-08,18:11:00,-07:00,2026-05-08T18:11:00-07:00,0,27
meta/main.js,123,js,92007575,F3rando,2026-05-08,18:11:00,-07:00,2026-05-08T18:11:00-07:00,0,0
meta/main.js,124,js,92007575,F3rando,2026-05-08,18:11:00,-07:00,2026-05-08T18:11:00-07:00,0,0
meta/main.js,125,js,92007575,F3rando,2026-05-08,18:11:00,-07:00,2026-05-08T18:11:00-07:00,0,38
meta/main.js,126,js,92007575,F3rando,2026-05-08,18:11:00,-07:00,2026-05-08T18:11:00-07:00,0,57
meta/main.js,127,js,92007575,F3rando,2026-05-08,18:11:00,-07:00,2026-05-08T18:11:00-07:00,0,20
meta/main.js,128,js,92007575,F3rando,2026-05-08,18:11:00,-07:00,2026-05-08T18:11:00-07:00,0,14
meta/main.js,129,js,92007575,F3rando,2026-05-08,18:11:00,-07:00,2026-05-08T18:11:00-07:00,0,47
meta/main.js,130,js,92007575,F3rando,2026-05-08,18:11:00,-07:00,2026-05-08T18:11:00-07:00,0,46
meta/main.js,131,js,92007575,F3rando,2026-05-08,18:11:00,-07:00,2026-05-08T18:11:00-07:00,0,0
meta/main.js,132,js,92007575,F3rando,2026-05-08,18:11:00,-07:00,2026-05-08T18:11:00-07:00,0,0
meta/main.js,133,js,00000000,Not Committed Yet,2026-05-21,13:25:36,-07:00,2026-05-21T13:25:36-07:00,0,40
meta/main.js,134,js,00000000,Not Committed Yet,2026-05-21,13:25:36,-07:00,2026-05-21T13:25:36-07:00,0,8
meta/main.js,135,js,00000000,Not Committed Yet,2026-05-21,13:25:36,-07:00,2026-05-21T13:25:36-07:00,0,37
meta/main.js,136,js,00000000,Not Committed Yet,2026-05-21,13:25:36,-07:00,2026-05-21T13:25:36-07:00,0,55
meta/main.js,137,js,00000000,Not Committed Yet,2026-05-21,13:25:36,-07:00,2026-05-21T13:25:36-07:00,0,28
meta/main.js,138,js,00000000,Not Committed Yet,2026-05-21,13:25:36,-07:00,2026-05-21T13:25:36-07:00,0,29
meta/main.js,139,js,00000000,Not Committed Yet,2026-05-21,13:25:36,-07:00,2026-05-21T13:25:36-07:00,0,28
meta/main.js,140,js,00000000,Not Committed Yet,2026-05-21,13:25:36,-07:00,2026-05-21T13:25:36-07:00,0,1
meta/main.js,141,js,00000000,Not Committed Yet,2026-05-21,13:25:36,-07:00,2026-05-21T13:25:36-07:00,0,28
meta/main.js,142,js,00000000,Not Committed Yet,2026-05-21,13:25:36,-07:00,2026-05-21T13:25:36-07:00,0,28
meta/main.js,143,js,00000000,Not Committed Yet,2026-05-21,13:25:36,-07:00,2026-05-21T13:25:36-07:00,0,1
meta/main.js,144,js,00000000,Not Committed Yet,2026-05-21,13:25:36,-07:00,2026-05-21T13:25:36-07:00,0,29
meta/main.js,145,js,00000000,Not Committed Yet,2026-05-21,13:25:36,-07:00,2026-05-21T13:25:36-07:00,0,57
meta/main.js,146,js,00000000,Not Committed Yet,2026-05-21,13:25:36,-07:00,2026-05-21T13:25:36-07:00,0,30
meta/main.js,147,js,00000000,Not Committed Yet,2026-05-21,13:25:36,-07:00,2026-05-21T13:25:36-07:00,0,2
meta/main.js,148,js,00000000,Not Committed Yet,2026-05-21,13:25:36,-07:00,2026-05-21T13:25:36-07:00,0,0
meta/main.js,149,js,00000000,Not Committed Yet,2026-05-21,13:25:36,-07:00,2026-05-21T13:25:36-07:00,0,0
meta/main.js,150,js,00000000,Not Committed Yet,2026-05-21,13:25:36,-07:00,2026-05-21T13:25:36-07:00,0,36
meta/main.js,151,js,00000000,Not Committed Yet,2026-05-21,13:25:36,-07:00,2026-05-21T13:25:36-07:00,0,45
meta/main.js,152,js,00000000,Not Committed Yet,2026-05-21,13:25:36,-07:00,2026-05-21T13:25:36-07:00,0,15
meta/main.js,153,js,00000000,Not Committed Yet,2026-05-21,13:25:36,-07:00,2026-05-21T13:25:36-07:00,0,28
meta/main.js,154,js,00000000,Not Committed Yet,2026-05-21,13:25:36,-07:00,2026-05-21T13:25:36-07:00,0,41
meta/main.js,155,js,00000000,Not Committed Yet,2026-05-21,13:25:36,-07:00,2026-05-21T13:25:36-07:00,0,48
meta/main.js,156,js,00000000,Not Committed Yet,2026-05-21,13:25:36,-07:00,2026-05-21T13:25:36-07:00,0,0
meta/main.js,157,js,00000000,Not Committed Yet,2026-05-21,13:25:36,-07:00,2026-05-21T13:25:36-07:00,0,24
meta/main.js,158,js,00000000,Not Committed Yet,2026-05-21,13:25:36,-07:00,2026-05-21T13:25:36-07:00,0,16
meta/main.js,159,js,00000000,Not Committed Yet,2026-05-21,13:25:36,-07:00,2026-05-21T13:25:36-07:00,0,16
meta/main.js,160,js,00000000,Not Committed Yet,2026-05-21,13:25:36,-07:00,2026-05-21T13:25:36-07:00,0,26
meta/main.js,161,js,00000000,Not Committed Yet,2026-05-21,13:25:36,-07:00,2026-05-21T13:25:36-07:00,0,5
meta/main.js,162,js,00000000,Not Committed Yet,2026-05-21,13:25:36,-07:00,2026-05-21T13:25:36-07:00,0,9
meta/main.js,163,js,00000000,Not Committed Yet,2026-05-21,13:25:36,-07:00,2026-05-21T13:25:36-07:00,0,34
meta/main.js,164,js,00000000,Not Committed Yet,2026-05-21,13:25:36,-07:00,2026-05-21T13:25:36-07:00,0,30
meta/main.js,165,js,00000000,Not Committed Yet,2026-05-21,13:25:36,-07:00,2026-05-21T13:25:36-07:00,0,20
meta/main.js,166,js,00000000,Not Committed Yet,2026-05-21,13:25:36,-07:00,2026-05-21T13:25:36-07:00,0,21
meta/main.js,167,js,00000000,Not Committed Yet,2026-05-21,13:25:36,-07:00,2026-05-21T13:25:36-07:00,0,16
meta/main.js,168,js,00000000,Not Committed Yet,2026-05-21,13:25:36,-07:00,2026-05-21T13:25:36-07:00,0,2
meta/main.js,169,js,00000000,Not Committed Yet,2026-05-21,13:25:36,-07:00,2026-05-21T13:25:36-07:00,0,18
meta/main.js,170,js,00000000,Not Committed Yet,2026-05-21,13:25:36,-07:00,2026-05-21T13:25:36-07:00,0,23
meta/main.js,171,js,00000000,Not Committed Yet,2026-05-21,13:25:36,-07:00,2026-05-21T13:25:36-07:00,0,1
meta/main.js,172,js,00000000,Not Committed Yet,2026-05-21,13:25:36,-07:00,2026-05-21T13:25:36-07:00,0,0
meta/main.js,173,js,00000000,Not Committed Yet,2026-05-21,13:25:36,-07:00,2026-05-21T13:25:36-07:00,0,54
meta/main.js,174,js,00000000,Not Committed Yet,2026-05-21,13:25:36,-07:00,2026-05-21T13:25:36-07:00,0,13
meta/main.js,175,js,00000000,Not Committed Yet,2026-05-21,13:25:36,-07:00,2026-05-21T13:25:36-07:00,0,20
meta/main.js,176,js,00000000,Not Committed Yet,2026-05-21,13:25:36,-07:00,2026-05-21T13:25:36-07:00,0,39
meta/main.js,177,js,00000000,Not Committed Yet,2026-05-21,13:25:36,-07:00,2026-05-21T13:25:36-07:00,0,0
meta/main.js,178,js,00000000,Not Committed Yet,2026-05-21,13:25:36,-07:00,2026-05-21T13:25:36-07:00,0,13
meta/main.js,179,js,00000000,Not Committed Yet,2026-05-21,13:25:36,-07:00,2026-05-21T13:25:36-07:00,0,12
meta/main.js,180,js,00000000,Not Committed Yet,2026-05-21,13:25:36,-07:00,2026-05-21T13:25:36-07:00,0,16
meta/main.js,181,js,00000000,Not Committed Yet,2026-05-21,13:25:36,-07:00,2026-05-21T13:25:36-07:00,0,62
meta/main.js,182,js,00000000,Not Committed Yet,2026-05-21,13:25:36,-07:00,2026-05-21T13:25:36-07:00,0,11
meta/main.js,183,js,00000000,Not Committed Yet,2026-05-21,13:25:36,-07:00,2026-05-21T13:25:36-07:00,0,20
meta/main.js,184,js,00000000,Not Committed Yet,2026-05-21,13:25:36,-07:00,2026-05-21T13:25:36-07:00,0,59
meta/main.js,185,js,00000000,Not Committed Yet,2026-05-21,13:25:36,-07:00,2026-05-21T13:25:36-07:00,0,0
meta/main.js,186,js,00000000,Not Committed Yet,2026-05-21,13:25:36,-07:00,2026-05-21T13:25:36-07:00,0,0
meta/main.js,187,js,00000000,Not Committed Yet,2026-05-21,13:25:36,-07:00,2026-05-21T13:25:36-07:00,0,42
meta/main.js,188,js,00000000,Not Committed Yet,2026-05-21,13:25:36,-07:00,2026-05-21T13:25:36-07:00,0,45
meta/main.js,189,js,00000000,Not Committed Yet,2026-05-21,13:25:36,-07:00,2026-05-21T13:25:36-07:00,0,23
meta/main.js,190,js,00000000,Not Committed Yet,2026-05-21,13:25:36,-07:00,2026-05-21T13:25:36-07:00,0,0
meta/main.js,191,js,00000000,Not Committed Yet,2026-05-21,13:25:36,-07:00,2026-05-21T13:25:36-07:00,0,24
meta/main.js,192,js,00000000,Not Committed Yet,2026-05-21,13:25:36,-07:00,2026-05-21T13:25:36-07:00,0,0
meta/main.js,193,js,00000000,Not Committed Yet,2026-05-21,13:25:36,-07:00,2026-05-21T13:25:36-07:00,0,64
meta/main.js,194,js,00000000,Not Committed Yet,2026-05-21,13:25:36,-07:00,2026-05-21T13:25:36-07:00,0,0
meta/main.js,195,js,00000000,Not Committed Yet,2026-05-21,13:25:36,-07:00,2026-05-21T13:25:36-07:00,0,68
meta/main.js,196,js,00000000,Not Committed Yet,2026-05-21,13:25:36,-07:00,2026-05-21T13:25:36-07:00,0,42
meta/main.js,197,js,00000000,Not Committed Yet,2026-05-21,13:25:36,-07:00,2026-05-21T13:25:36-07:00,0,40
meta/main.js,198,js,00000000,Not Committed Yet,2026-05-21,13:25:36,-07:00,2026-05-21T13:25:36-07:00,0,0
meta/main.js,199,js,92007575,F3rando,2026-05-08,18:11:00,-07:00,2026-05-08T18:11:00-07:00,0,0
meta/main.js,200,js,00000000,Not Committed Yet,2026-05-21,13:25:36,-07:00,2026-05-21T13:25:36-07:00,0,40
meta/main.js,201,js,00000000,Not Committed Yet,2026-05-21,13:25:36,-07:00,2026-05-21T13:25:36-07:00,0,41
meta/main.js,202,js,00000000,Not Committed Yet,2026-05-21,13:25:36,-07:00,2026-05-21T13:25:36-07:00,0,34
meta/main.js,203,js,00000000,Not Committed Yet,2026-05-21,13:25:36,-07:00,2026-05-21T13:25:36-07:00,0,22
meta/main.js,204,js,92007575,F3rando,2026-05-08,18:11:00,-07:00,2026-05-08T18:11:00-07:00,0,0
meta/main.js,205,js,00000000,Not Committed Yet,2026-05-21,13:25:36,-07:00,2026-05-21T13:25:36-07:00,0,60
meta/main.js,206,js,00000000,Not Committed Yet,2026-05-21,13:25:36,-07:00,2026-05-21T13:25:36-07:00,0,33
meta/main.js,207,js,00000000,Not Committed Yet,2026-05-21,13:25:36,-07:00,2026-05-21T13:25:36-07:00,0,0
meta/main.js,208,js,00000000,Not Committed Yet,2026-05-21,13:25:36,-07:00,2026-05-21T13:25:36-07:00,0,3
meta/main.js,209,js,00000000,Not Committed Yet,2026-05-21,13:25:36,-07:00,2026-05-21T13:25:36-07:00,0,19
meta/main.js,210,js,00000000,Not Committed Yet,2026-05-21,13:25:36,-07:00,2026-05-21T13:25:36-07:00,0,32
meta/main.js,211,js,00000000,Not Committed Yet,2026-05-21,13:25:36,-07:00,2026-05-21T13:25:36-07:00,0,14
meta/main.js,212,js,00000000,Not Committed Yet,2026-05-21,13:25:36,-07:00,2026-05-21T13:25:36-07:00,0,42
meta/main.js,213,js,00000000,Not Committed Yet,2026-05-21,13:25:36,-07:00,2026-05-21T13:25:36-07:00,0,42
meta/main.js,214,js,00000000,Not Committed Yet,2026-05-21,13:25:36,-07:00,2026-05-21T13:25:36-07:00,0,43
meta/main.js,215,js,00000000,Not Committed Yet,2026-05-21,13:25:36,-07:00,2026-05-21T13:25:36-07:00,0,25
meta/main.js,216,js,00000000,Not Committed Yet,2026-05-21,13:25:36,-07:00,2026-05-21T13:25:36-07:00,0,26
meta/main.js,217,js,00000000,Not Committed Yet,2026-05-21,13:25:36,-07:00,2026-05-21T13:25:36-07:00,0,29
meta/main.js,218,js,00000000,Not Committed Yet,2026-05-21,13:25:36,-07:00,2026-05-21T13:25:36-07:00,0,24
meta/main.js,219,js,00000000,Not Committed Yet,2026-05-21,13:25:36,-07:00,2026-05-21T13:25:36-07:00,0,29
meta/main.js,220,js,00000000,Not Committed Yet,2026-05-21,13:25:36,-07:00,2026-05-21T13:25:36-07:00,0,26
meta/main.js,221,js,00000000,Not Committed Yet,2026-05-21,13:25:36,-07:00,2026-05-21T13:25:36-07:00,0,0
meta/main.js,222,js,92007575,F3rando,2026-05-08,18:11:00,-07:00,2026-05-08T18:11:00-07:00,0,0
meta/main.js,223,js,00000000,Not Committed Yet,2026-05-21,13:25:36,-07:00,2026-05-21T13:25:36-07:00,0,36
meta/main.js,224,js,00000000,Not Committed Yet,2026-05-21,13:25:36,-07:00,2026-05-21T13:25:36-07:00,0,26
meta/main.js,225,js,00000000,Not Committed Yet,2026-05-21,13:25:36,-07:00,2026-05-21T13:25:36-07:00,0,18
meta/main.js,226,js,00000000,Not Committed Yet,2026-05-21,13:25:36,-07:00,2026-05-21T13:25:36-07:00,0,26
meta/main.js,227,js,00000000,Not Committed Yet,2026-05-21,13:25:36,-07:00,2026-05-21T13:25:36-07:00,0,11
meta/main.js,228,js,00000000,Not Committed Yet,2026-05-21,13:25:36,-07:00,2026-05-21T13:25:36-07:00,0,21
meta/main.js,229,js,00000000,Not Committed Yet,2026-05-21,13:25:36,-07:00,2026-05-21T13:25:36-07:00,0,5
meta/main.js,230,js,00000000,Not Committed Yet,2026-05-21,13:25:36,-07:00,2026-05-21T13:25:36-07:00,0,10
meta/main.js,231,js,00000000,Not Committed Yet,2026-05-21,13:25:36,-07:00,2026-05-21T13:25:36-07:00,0,2
meta/main.js,232,js,00000000,Not Committed Yet,2026-05-21,13:25:36,-07:00,2026-05-21T13:25:36-07:00,0,37
meta/main.js,233,js,00000000,Not Committed Yet,2026-05-21,13:25:36,-07:00,2026-05-21T13:25:36-07:00,0,17
meta/main.js,234,js,00000000,Not Committed Yet,2026-05-21,13:25:36,-07:00,2026-05-21T13:25:36-07:00,0,18
meta/main.js,235,js,00000000,Not Committed Yet,2026-05-21,13:25:36,-07:00,2026-05-21T13:25:36-07:00,0,10
meta/main.js,236,js,00000000,Not Committed Yet,2026-05-21,13:25:36,-07:00,2026-05-21T13:25:36-07:00,0,60
meta/main.js,237,js,00000000,Not Committed Yet,2026-05-21,13:25:36,-07:00,2026-05-21T13:25:36-07:00,0,46
meta/main.js,238,js,00000000,Not Committed Yet,2026-05-21,13:25:36,-07:00,2026-05-21T13:25:36-07:00,0,4
meta/main.js,239,js,00000000,Not Committed Yet,2026-05-21,13:25:36,-07:00,2026-05-21T13:25:36-07:00,0,3
meta/main.js,240,js,00000000,Not Committed Yet,2026-05-21,13:25:36,-07:00,2026-05-21T13:25:36-07:00,0,2
meta/main.js,241,js,00000000,Not Committed Yet,2026-05-21,13:25:36,-07:00,2026-05-21T13:25:36-07:00,0,46
meta/main.js,242,js,00000000,Not Committed Yet,2026-05-21,13:25:36,-07:00,2026-05-21T13:25:36-07:00,0,1
meta/main.js,243,js,00000000,Not Committed Yet,2026-05-21,13:25:36,-07:00,2026-05-21T13:25:36-07:00,0,10
meta/main.js,244,js,00000000,Not Committed Yet,2026-05-21,13:25:36,-07:00,2026-05-21T13:25:36-07:00,0,7
meta/main.js,245,js,00000000,Not Committed Yet,2026-05-21,13:25:36,-07:00,2026-05-21T13:25:36-07:00,0,23
meta/main.js,246,js,00000000,Not Committed Yet,2026-05-21,13:25:36,-07:00,2026-05-21T13:25:36-07:00,0,19
meta/main.js,247,js,00000000,Not Committed Yet,2026-05-21,13:25:36,-07:00,2026-05-21T13:25:36-07:00,0,7
meta/main.js,248,js,00000000,Not Committed Yet,2026-05-21,13:25:36,-07:00,2026-05-21T13:25:36-07:00,0,0
meta/main.js,249,js,00000000,Not Committed Yet,2026-05-21,13:25:36,-07:00,2026-05-21T13:25:36-07:00,0,5
meta/main.js,250,js,00000000,Not Committed Yet,2026-05-21,13:25:36,-07:00,2026-05-21T13:25:36-07:00,0,3
meta/main.js,251,js,00000000,Not Committed Yet,2026-05-21,13:25:36,-07:00,2026-05-21T13:25:36-07:00,0,1
meta/main.js,252,js,00000000,Not Committed Yet,2026-05-21,13:25:36,-07:00,2026-05-21T13:25:36-07:00,0,1
meta/main.js,253,js,00000000,Not Committed Yet,2026-05-21,13:25:36,-07:00,2026-05-21T13:25:36-07:00,0,0
meta/main.js,254,js,00000000,Not Committed Yet,2026-05-21,13:25:36,-07:00,2026-05-21T13:25:36-07:00,0,0
meta/main.js,255,js,00000000,Not Committed Yet,2026-05-21,13:25:36,-07:00,2026-05-21T13:25:36-07:00,0,38
meta/main.js,256,js,00000000,Not Committed Yet,2026-05-21,13:25:36,-07:00,2026-05-21T13:25:36-07:00,0,57
meta/main.js,257,js,00000000,Not Committed Yet,2026-05-21,13:25:36,-07:00,2026-05-21T13:25:36-07:00,0,64
meta/main.js,258,js,00000000,Not Committed Yet,2026-05-21,13:25:36,-07:00,2026-05-21T13:25:36-07:00,0,0
meta/main.js,259,js,00000000,Not Committed Yet,2026-05-21,13:25:36,-07:00,2026-05-21T13:25:36-07:00,0,24
meta/main.js,260,js,00000000,Not Committed Yet,2026-05-21,13:25:36,-07:00,2026-05-21T13:25:36-07:00,0,41
meta/main.js,261,js,00000000,Not Committed Yet,2026-05-21,13:25:36,-07:00,2026-05-21T13:25:36-07:00,0,0
meta/main.js,262,js,00000000,Not Committed Yet,2026-05-21,13:25:36,-07:00,2026-05-21T13:25:36-07:00,0,12
meta/main.js,263,js,00000000,Not Committed Yet,2026-05-21,13:25:36,-07:00,2026-05-21T13:25:36-07:00,0,29
meta/main.js,264,js,00000000,Not Committed Yet,2026-05-21,13:25:36,-07:00,2026-05-21T13:25:36-07:00,0,0
meta/main.js,265,js,00000000,Not Committed Yet,2026-05-21,13:25:36,-07:00,2026-05-21T13:25:36-07:00,0,0
meta/main.js,266,js,00000000,Not Committed Yet,2026-05-21,13:25:36,-07:00,2026-05-21T13:25:36-07:00,0,16
meta/main.js,267,js,00000000,Not Committed Yet,2026-05-21,13:25:36,-07:00,2026-05-21T13:25:36-07:00,0,60
meta/main.js,268,js,00000000,Not Committed Yet,2026-05-21,13:25:36,-07:00,2026-05-21T13:25:36-07:00,0,17
meta/main.js,269,js,00000000,Not Committed Yet,2026-05-21,13:25:36,-07:00,2026-05-21T13:25:36-07:00,0,18
meta/main.js,270,js,00000000,Not Committed Yet,2026-05-21,13:25:36,-07:00,2026-05-21T13:25:36-07:00,0,2
meta/main.js,271,js,00000000,Not Committed Yet,2026-05-21,13:25:36,-07:00,2026-05-21T13:25:36-07:00,0,0
meta/main.js,272,js,00000000,Not Committed Yet,2026-05-21,13:25:36,-07:00,2026-05-21T13:25:36-07:00,0,0
meta/main.js,273,js,00000000,Not Committed Yet,2026-05-21,13:25:36,-07:00,2026-05-21T13:25:36-07:00,0,71
meta/main.js,274,js,00000000,Not Committed Yet,2026-05-21,13:25:36,-07:00,2026-05-21T13:25:36-07:00,0,43
meta/main.js,275,js,00000000,Not Committed Yet,2026-05-21,13:25:36,-07:00,2026-05-21T13:25:36-07:00,0,34
meta/main.js,276,js,00000000,Not Committed Yet,2026-05-21,13:25:36,-07:00,2026-05-21T13:25:36-07:00,0,0
meta/main.js,277,js,00000000,Not Committed Yet,2026-05-21,13:25:36,-07:00,2026-05-21T13:25:36-07:00,0,0
meta/main.js,278,js,00000000,Not Committed Yet,2026-05-21,13:25:36,-07:00,2026-05-21T13:25:36-07:00,0,31
meta/main.js,279,js,00000000,Not Committed Yet,2026-05-21,13:25:36,-07:00,2026-05-21T13:25:36-07:00,0,40
meta/main.js,280,js,00000000,Not Committed Yet,2026-05-21,13:25:36,-07:00,2026-05-21T13:25:36-07:00,0,19
meta/main.js,281,js,00000000,Not Committed Yet,2026-05-21,13:25:36,-07:00,2026-05-21T13:25:36-07:00,0,0
meta/main.js,282,js,00000000,Not Committed Yet,2026-05-21,13:25:36,-07:00,2026-05-21T13:25:36-07:00,0,44
meta/main.js,283,js,00000000,Not Committed Yet,2026-05-21,13:25:36,-07:00,2026-05-21T13:25:36-07:00,0,8
meta/main.js,284,js,00000000,Not Committed Yet,2026-05-21,13:25:36,-07:00,2026-05-21T13:25:36-07:00,0,25
meta/main.js,285,js,00000000,Not Committed Yet,2026-05-21,13:25:36,-07:00,2026-05-21T13:25:36-07:00,0,1
meta/main.js,286,js,00000000,Not Committed Yet,2026-05-21,13:25:36,-07:00,2026-05-21T13:25:36-07:00,0,35
meta/main.js,287,js,00000000,Not Committed Yet,2026-05-21,13:25:36,-07:00,2026-05-21T13:25:36-07:00,0,0
meta/main.js,288,js,00000000,Not Committed Yet,2026-05-21,13:25:36,-07:00,2026-05-21T13:25:36-07:00,0,0
meta/main.js,289,js,00000000,Not Committed Yet,2026-05-21,13:25:36,-07:00,2026-05-21T13:25:36-07:00,0,31
meta/main.js,290,js,00000000,Not Committed Yet,2026-05-21,13:25:36,-07:00,2026-05-21T13:25:36-07:00,0,28
meta/main.js,291,js,00000000,Not Committed Yet,2026-05-21,13:25:36,-07:00,2026-05-21T13:25:36-07:00,0,7
meta/main.js,292,js,00000000,Not Committed Yet,2026-05-21,13:25:36,-07:00,2026-05-21T13:25:36-07:00,0,7
meta/main.js,293,js,00000000,Not Committed Yet,2026-05-21,13:25:36,-07:00,2026-05-21T13:25:36-07:00,0,23
meta/main.js,294,js,00000000,Not Committed Yet,2026-05-21,13:25:36,-07:00,2026-05-21T13:25:36-07:00,0,24
meta/main.js,295,js,00000000,Not Committed Yet,2026-05-21,13:25:36,-07:00,2026-05-21T13:25:36-07:00,0,11
meta/main.js,296,js,00000000,Not Committed Yet,2026-05-21,13:25:36,-07:00,2026-05-21T13:25:36-07:00,0,1
meta/main.js,297,js,00000000,Not Committed Yet,2026-05-21,13:25:36,-07:00,2026-05-21T13:25:36-07:00,0,25
meta/main.js,298,js,00000000,Not Committed Yet,2026-05-21,13:25:36,-07:00,2026-05-21T13:25:36-07:00,0,0
meta/main.js,299,js,00000000,Not Committed Yet,2026-05-21,13:25:36,-07:00,2026-05-21T13:25:36-07:00,0,50
meta/main.js,300,js,00000000,Not Committed Yet,2026-05-21,13:25:36,-07:00,2026-05-21T13:25:36-07:00,0,0
meta/main.js,301,js,00000000,Not Committed Yet,2026-05-21,13:25:36,-07:00,2026-05-21T13:25:36-07:00,0,0
meta/main.js,302,js,00000000,Not Committed Yet,2026-05-21,13:25:36,-07:00,2026-05-21T13:25:36-07:00,0,42
meta/main.js,303,js,00000000,Not Committed Yet,2026-05-21,13:25:36,-07:00,2026-05-21T13:25:36-07:00,0,43
meta/main.js,304,js,00000000,Not Committed Yet,2026-05-21,13:25:36,-07:00,2026-05-21T13:25:36-07:00,0,0
meta/main.js,305,js,00000000,Not Committed Yet,2026-05-21,13:25:36,-07:00,2026-05-21T13:25:36-07:00,0,18
meta/main.js,306,js,00000000,Not Committed Yet,2026-05-21,13:25:36,-07:00,2026-05-21T13:25:36-07:00,0,21
meta/main.js,307,js,00000000,Not Committed Yet,2026-05-21,13:25:36,-07:00,2026-05-21T13:25:36-07:00,0,39
meta/main.js,308,js,00000000,Not Committed Yet,2026-05-21,13:25:36,-07:00,2026-05-21T13:25:36-07:00,0,42
meta/main.js,309,js,00000000,Not Committed Yet,2026-05-21,13:25:36,-07:00,2026-05-21T13:25:36-07:00,0,23
meta/main.js,310,js,00000000,Not Committed Yet,2026-05-21,13:25:36,-07:00,2026-05-21T13:25:36-07:00,0,59
meta/main.js,311,js,00000000,Not Committed Yet,2026-05-21,13:25:36,-07:00,2026-05-21T13:25:36-07:00,0,61
meta/main.js,312,js,92007575,F3rando,2026-05-08,18:11:00,-07:00,2026-05-08T18:11:00-07:00,0,1
meta/main.js,313,js,92007575,F3rando,2026-05-08,18:11:00,-07:00,2026-05-08T18:11:00-07:00,0,0
meta/main.js,314,js,92007575,F3rando,2026-05-08,18:11:00,-07:00,2026-05-08T18:11:00-07:00,0,13
meta/main.js,315,js,92007575,F3rando,2026-05-08,18:11:00,-07:00,2026-05-08T18:11:00-07:00,0,16
meta/main.js,316,js,92007575,F3rando,2026-05-08,18:11:00,-07:00,2026-05-08T18:11:00-07:00,0,13
meta/main.js,317,js,00000000,Not Committed Yet,2026-05-21,13:25:36,-07:00,2026-05-21T13:25:36-07:00,0,53
meta/main.js,318,js,92007575,F3rando,2026-05-08,18:11:00,-07:00,2026-05-08T18:11:00-07:00,0,29
meta/main.js,319,js,92007575,F3rando,2026-05-08,18:11:00,-07:00,2026-05-08T18:11:00-07:00,0,0
meta/main.js,320,js,00000000,Not Committed Yet,2026-05-21,13:25:36,-07:00,2026-05-21T13:25:36-07:00,0,15
meta/main.js,321,js,92007575,F3rando,2026-05-08,18:11:00,-07:00,2026-05-08T18:11:00-07:00,0,11
meta/main.js,322,js,92007575,F3rando,2026-05-08,18:11:00,-07:00,2026-05-08T18:11:00-07:00,0,45
meta/main.js,323,js,00000000,Not Committed Yet,2026-05-21,13:25:36,-07:00,2026-05-21T13:25:36-07:00,0,52
meta/main.js,324,js,92007575,F3rando,2026-05-08,18:11:00,-07:00,2026-05-08T18:11:00-07:00,0,7
meta/main.js,325,js,92007575,F3rando,2026-05-08,18:11:00,-07:00,2026-05-08T18:11:00-07:00,0,0
meta/main.js,326,js,00000000,Not Committed Yet,2026-05-21,13:25:36,-07:00,2026-05-21T13:25:36-07:00,0,15
meta/main.js,327,js,92007575,F3rando,2026-05-08,18:11:00,-07:00,2026-05-08T18:11:00-07:00,0,13
meta/main.js,328,js,92007575,F3rando,2026-05-08,18:11:00,-07:00,2026-05-08T18:11:00-07:00,0,15
meta/main.js,329,js,00000000,Not Committed Yet,2026-05-21,13:25:36,-07:00,2026-05-21T13:25:36-07:00,0,53
meta/main.js,330,js,92007575,F3rando,2026-05-08,18:11:00,-07:00,2026-05-08T18:11:00-07:00,0,0
meta/main.js,331,js,92007575,F3rando,2026-05-08,18:11:00,-07:00,2026-05-08T18:11:00-07:00,0,68
meta/main.js,332,js,00000000,Not Committed Yet,2026-05-21,13:25:36,-07:00,2026-05-21T13:25:36-07:00,0,72
meta/main.js,333,js,92007575,F3rando,2026-05-08,18:11:00,-07:00,2026-05-08T18:11:00-07:00,0,0
meta/main.js,334,js,00000000,Not Committed Yet,2026-05-21,13:25:36,-07:00,2026-05-21T13:25:36-07:00,0,24
meta/main.js,335,js,92007575,F3rando,2026-05-08,18:11:00,-07:00,2026-05-08T18:11:00-07:00,0,0
meta/main.js,336,js,92007575,F3rando,2026-05-08,18:11:00,-07:00,2026-05-08T18:11:00-07:00,0,20
meta/main.js,337,js,92007575,F3rando,2026-05-08,18:11:00,-07:00,2026-05-08T18:11:00-07:00,0,11
meta/main.js,338,js,92007575,F3rando,2026-05-08,18:11:00,-07:00,2026-05-08T18:11:00-07:00,0,26
meta/main.js,339,js,00000000,Not Committed Yet,2026-05-21,13:25:36,-07:00,2026-05-21T13:25:36-07:00,0,59
meta/main.js,340,js,92007575,F3rando,2026-05-08,18:11:00,-07:00,2026-05-08T18:11:00-07:00,0,0
meta/main.js,341,js,92007575,F3rando,2026-05-08,18:11:00,-07:00,2026-05-08T18:11:00-07:00,0,14
meta/main.js,342,js,00000000,Not Committed Yet,2026-05-21,13:25:36,-07:00,2026-05-21T13:25:36-07:00,0,1
meta/main.js,343,js,00000000,Not Committed Yet,2026-05-21,13:25:36,-07:00,2026-05-21T13:25:36-07:00,0,21
meta/main.js,344,js,00000000,Not Committed Yet,2026-05-21,13:25:36,-07:00,2026-05-21T13:25:36-07:00,0,20
meta/main.js,345,js,00000000,Not Committed Yet,2026-05-21,13:25:36,-07:00,2026-05-21T13:25:36-07:00,0,33
meta/main.js,346,js,92007575,F3rando,2026-05-08,18:11:00,-07:00,2026-05-08T18:11:00-07:00,0,1
meta/main.js,347,js,92007575,F3rando,2026-05-08,18:11:00,-07:00,2026-05-08T18:11:00-07:00,0,0
meta/main.js,348,js,00000000,Not Committed Yet,2026-05-21,13:25:36,-07:00,2026-05-21T13:25:36-07:00,0,40
meta/main.js,349,js,92007575,F3rando,2026-05-08,18:11:00,-07:00,2026-05-08T18:11:00-07:00,0,15
meta/main.js,350,js,00000000,Not Committed Yet,2026-05-21,13:25:36,-07:00,2026-05-21T13:25:36-07:00,0,21
meta/main.js,351,js,92007575,F3rando,2026-05-08,18:11:00,-07:00,2026-05-08T18:11:00-07:00,0,59
meta/main.js,352,js,92007575,F3rando,2026-05-08,18:11:00,-07:00,2026-05-08T18:11:00-07:00,0,0
meta/main.js,353,js,92007575,F3rando,2026-05-08,18:11:00,-07:00,2026-05-08T18:11:00-07:00,0,2
meta/main.js,354,js,92007575,F3rando,2026-05-08,18:11:00,-07:00,2026-05-08T18:11:00-07:00,0,11
meta/main.js,355,js,00000000,Not Committed Yet,2026-05-21,13:25:36,-07:00,2026-05-21T13:25:36-07:00,0,23
meta/main.js,356,js,00000000,Not Committed Yet,2026-05-21,13:25:36,-07:00,2026-05-21T13:25:36-07:00,0,60
meta/main.js,357,js,92007575,F3rando,2026-05-08,18:11:00,-07:00,2026-05-08T18:11:00-07:00,0,12
meta/main.js,358,js,92007575,F3rando,2026-05-08,18:11:00,-07:00,2026-05-08T18:11:00-07:00,0,0
meta/main.js,359,js,92007575,F3rando,2026-05-08,18:11:00,-07:00,2026-05-08T18:11:00-07:00,0,2
meta/main.js,360,js,92007575,F3rando,2026-05-08,18:11:00,-07:00,2026-05-08T18:11:00-07:00,0,11
meta/main.js,361,js,00000000,Not Committed Yet,2026-05-21,13:25:36,-07:00,2026-05-21T13:25:36-07:00,0,23
meta/main.js,362,js,00000000,Not Committed Yet,2026-05-21,13:25:36,-07:00,2026-05-21T13:25:36-07:00,0,58
meta/main.js,363,js,92007575,F3rando,2026-05-08,18:11:00,-07:00,2026-05-08T18:11:00-07:00,0,12
meta/main.js,364,js,92007575,F3rando,2026-05-08,18:11:00,-07:00,2026-05-08T18:11:00-07:00,0,0
meta/main.js,365,js,92007575,F3rando,2026-05-08,18:11:00,-07:00,2026-05-08T18:11:00-07:00,0,50
meta/main.js,366,js,00000000,Not Committed Yet,2026-05-21,13:25:36,-07:00,2026-05-21T13:25:36-07:00,0,60
meta/main.js,367,js,92007575,F3rando,2026-05-08,18:11:00,-07:00,2026-05-08T18:11:00-07:00,0,0
meta/main.js,368,js,92007575,F3rando,2026-05-08,18:11:00,-07:00,2026-05-08T18:11:00-07:00,0,3
meta/main.js,369,js,92007575,F3rando,2026-05-08,18:11:00,-07:00,2026-05-08T18:11:00-07:00,0,19
meta/main.js,370,js,00000000,Not Committed Yet,2026-05-21,13:25:36,-07:00,2026-05-21T13:25:36-07:00,0,32
meta/main.js,371,js,92007575,F3rando,2026-05-08,18:11:00,-07:00,2026-05-08T18:11:00-07:00,0,14
meta/main.js,372,js,00000000,Not Committed Yet,2026-05-21,13:25:36,-07:00,2026-05-21T13:25:36-07:00,0,42
meta/main.js,373,js,00000000,Not Committed Yet,2026-05-21,13:25:36,-07:00,2026-05-21T13:25:36-07:00,0,42
meta/main.js,374,js,00000000,Not Committed Yet,2026-05-21,13:25:36,-07:00,2026-05-21T13:25:36-07:00,0,43
meta/main.js,375,js,92007575,F3rando,2026-05-08,18:11:00,-07:00,2026-05-08T18:11:00-07:00,0,25
meta/main.js,376,js,92007575,F3rando,2026-05-08,18:11:00,-07:00,2026-05-08T18:11:00-07:00,0,26
meta/main.js,377,js,92007575,F3rando,2026-05-08,18:11:00,-07:00,2026-05-08T18:11:00-07:00,0,29
meta/main.js,378,js,92007575,F3rando,2026-05-08,18:11:00,-07:00,2026-05-08T18:11:00-07:00,0,24
meta/main.js,379,js,92007575,F3rando,2026-05-08,18:11:00,-07:00,2026-05-08T18:11:00-07:00,0,29
meta/main.js,380,js,00000000,Not Committed Yet,2026-05-21,13:25:36,-07:00,2026-05-21T13:25:36-07:00,0,26
meta/main.js,381,js,92007575,F3rando,2026-05-08,18:11:00,-07:00,2026-05-08T18:11:00-07:00,0,0
meta/main.js,382,js,92007575,F3rando,2026-05-08,18:11:00,-07:00,2026-05-08T18:11:00-07:00,0,45
meta/main.js,383,js,92007575,F3rando,2026-05-08,18:11:00,-07:00,2026-05-08T18:11:00-07:00,0,16
meta/main.js,384,js,92007575,F3rando,2026-05-08,18:11:00,-07:00,2026-05-08T18:11:00-07:00,0,12
meta/main.js,385,js,92007575,F3rando,2026-05-08,18:11:00,-07:00,2026-05-08T18:11:00-07:00,0,0
meta/main.js,386,js,92007575,F3rando,2026-05-08,18:11:00,-07:00,2026-05-08T18:11:00-07:00,0,38
meta/main.js,387,js,00000000,Not Committed Yet,2026-05-21,13:25:36,-07:00,2026-05-21T13:25:36-07:00,0,38
meta/main.js,388,js,00000000,Not Committed Yet,2026-05-21,13:25:36,-07:00,2026-05-21T13:25:36-07:00,0,38
meta/main.js,389,js,92007575,F3rando,2026-05-08,18:11:00,-07:00,2026-05-08T18:11:00-07:00,0,29
meta/main.js,390,js,92007575,F3rando,2026-05-08,18:11:00,-07:00,2026-05-08T18:11:00-07:00,0,29
meta/main.js,391,js,92007575,F3rando,2026-05-08,18:11:00,-07:00,2026-05-08T18:11:00-07:00,0,29
meta/main.js,392,js,92007575,F3rando,2026-05-08,18:11:00,-07:00,2026-05-08T18:11:00-07:00,0,29
meta/main.js,393,js,92007575,F3rando,2026-05-08,18:11:00,-07:00,2026-05-08T18:11:00-07:00,0,55
meta/main.js,394,js,92007575,F3rando,2026-05-08,18:11:00,-07:00,2026-05-08T18:11:00-07:00,0,0
meta/main.js,395,js,92007575,F3rando,2026-05-08,18:11:00,-07:00,2026-05-08T18:11:00-07:00,0,0
meta/main.js,396,js,92007575,F3rando,2026-05-08,18:11:00,-07:00,2026-05-08T18:11:00-07:00,0,41
meta/main.js,397,js,92007575,F3rando,2026-05-08,18:11:00,-07:00,2026-05-08T18:11:00-07:00,0,32
meta/main.js,398,js,00000000,Not Committed Yet,2026-05-21,13:25:36,-07:00,2026-05-21T13:25:36-07:00,0,61
meta/main.js,399,js,92007575,F3rando,2026-05-08,18:11:00,-07:00,2026-05-08T18:11:00-07:00,0,4
meta/main.js,400,js,92007575,F3rando,2026-05-08,18:11:00,-07:00,2026-05-08T18:11:00-07:00,0,0
meta/main.js,401,js,92007575,F3rando,2026-05-08,18:11:00,-07:00,2026-05-08T18:11:00-07:00,0,63
meta/main.js,402,js,92007575,F3rando,2026-05-08,18:11:00,-07:00,2026-05-08T18:11:00-07:00,0,18
meta/main.js,403,js,92007575,F3rando,2026-05-08,18:11:00,-07:00,2026-05-08T18:11:00-07:00,0,29
meta/main.js,404,js,92007575,F3rando,2026-05-08,18:11:00,-07:00,2026-05-08T18:11:00-07:00,0,29
meta/main.js,405,js,92007575,F3rando,2026-05-08,18:11:00,-07:00,2026-05-08T18:11:00-07:00,0,19
meta/main.js,406,js,92007575,F3rando,2026-05-08,18:11:00,-07:00,2026-05-08T18:11:00-07:00,0,0
meta/main.js,407,js,92007575,F3rando,2026-05-08,18:11:00,-07:00,2026-05-08T18:11:00-07:00,0,0
meta/main.js,408,js,92007575,F3rando,2026-05-08,18:11:00,-07:00,2026-05-08T18:11:00-07:00,0,22
meta/main.js,409,js,92007575,F3rando,2026-05-08,18:11:00,-07:00,2026-05-08T18:11:00-07:00,0,0
meta/main.js,410,js,92007575,F3rando,2026-05-08,18:11:00,-07:00,2026-05-08T18:11:00-07:00,0,0
meta/main.js,411,js,92007575,F3rando,2026-05-08,18:11:00,-07:00,2026-05-08T18:11:00-07:00,0,44
meta/main.js,412,js,92007575,F3rando,2026-05-08,18:11:00,-07:00,2026-05-08T18:11:00-07:00,0,32
meta/main.js,413,js,00000000,Not Committed Yet,2026-05-21,13:25:36,-07:00,2026-05-21T13:25:36-07:00,0,61
meta/main.js,414,js,92007575,F3rando,2026-05-08,18:11:00,-07:00,2026-05-08T18:11:00-07:00,0,4
meta/main.js,415,js,92007575,F3rando,2026-05-08,18:11:00,-07:00,2026-05-08T18:11:00-07:00,0,63
meta/main.js,416,js,92007575,F3rando,2026-05-08,18:11:00,-07:00,2026-05-08T18:11:00-07:00,0,0
meta/main.js,417,js,92007575,F3rando,2026-05-08,18:11:00,-07:00,2026-05-08T18:11:00-07:00,0,22
meta/main.js,418,js,92007575,F3rando,2026-05-08,18:11:00,-07:00,2026-05-08T18:11:00-07:00,0,0
meta/main.js,419,js,92007575,F3rando,2026-05-08,18:11:00,-07:00,2026-05-08T18:11:00-07:00,0,34
meta/main.js,420,js,92007575,F3rando,2026-05-08,18:11:00,-07:00,2026-05-08T18:11:00-07:00,0,24
meta/main.js,421,js,92007575,F3rando,2026-05-08,18:11:00,-07:00,2026-05-08T18:11:00-07:00,0,6
meta/main.js,422,js,92007575,F3rando,2026-05-08,18:11:00,-07:00,2026-05-08T18:11:00-07:00,0,0
meta/main.js,423,js,92007575,F3rando,2026-05-08,18:11:00,-07:00,2026-05-08T18:11:00-07:00,0,0
meta/main.js,424,js,00000000,Not Committed Yet,2026-05-21,13:25:36,-07:00,2026-05-21T13:25:36-07:00,0,53
meta/main.js,425,js,92007575,F3rando,2026-05-08,18:11:00,-07:00,2026-05-08T18:11:00-07:00,0,0
meta/main.js,426,js,92007575,F3rando,2026-05-08,18:11:00,-07:00,2026-05-08T18:11:00-07:00,0,27
meta/main.js,427,js,92007575,F3rando,2026-05-08,18:11:00,-07:00,2026-05-08T18:11:00-07:00,0,5
meta/main.js,428,js,92007575,F3rando,2026-05-08,18:11:00,-07:00,2026-05-08T18:11:00-07:00,0,15
meta/main.js,429,js,92007575,F3rando,2026-05-08,18:11:00,-07:00,2026-05-08T18:11:00-07:00,0,13
meta/main.js,430,js,92007575,F3rando,2026-05-08,18:11:00,-07:00,2026-05-08T18:11:00-07:00,0,1
meta/main.js,431,js,92007575,F3rando,2026-05-08,18:11:00,-07:00,2026-05-08T18:11:00-07:00,0,0
meta/main.js,432,js,92007575,F3rando,2026-05-08,18:11:00,-07:00,2026-05-08T18:11:00-07:00,0,24
meta/main.js,433,js,92007575,F3rando,2026-05-08,18:11:00,-07:00,2026-05-08T18:11:00-07:00,0,0
meta/main.js,434,js,92007575,F3rando,2026-05-08,18:11:00,-07:00,2026-05-08T18:11:00-07:00,0,43
meta/main.js,435,js,92007575,F3rando,2026-05-08,18:11:00,-07:00,2026-05-08T18:11:00-07:00,0,39
meta/main.js,436,js,92007575,F3rando,2026-05-08,18:11:00,-07:00,2026-05-08T18:11:00-07:00,0,47
meta/main.js,437,js,92007575,F3rando,2026-05-08,18:11:00,-07:00,2026-05-08T18:11:00-07:00,0,0
meta/main.js,438,js,92007575,F3rando,2026-05-08,18:11:00,-07:00,2026-05-08T18:11:00-07:00,0,23
meta/main.js,439,js,92007575,F3rando,2026-05-08,18:11:00,-07:00,2026-05-08T18:11:00-07:00,0,19
meta/main.js,440,js,92007575,F3rando,2026-05-08,18:11:00,-07:00,2026-05-08T18:11:00-07:00,0,37
meta/main.js,441,js,92007575,F3rando,2026-05-08,18:11:00,-07:00,2026-05-08T18:11:00-07:00,0,1
meta/main.js,442,js,92007575,F3rando,2026-05-08,18:11:00,-07:00,2026-05-08T18:11:00-07:00,0,0
meta/main.js,443,js,92007575,F3rando,2026-05-08,18:11:00,-07:00,2026-05-08T18:11:00-07:00,0,0
meta/main.js,444,js,92007575,F3rando,2026-05-08,18:11:00,-07:00,2026-05-08T18:11:00-07:00,0,0
meta/main.js,445,js,92007575,F3rando,2026-05-08,18:11:00,-07:00,2026-05-08T18:11:00-07:00,0,24
meta/main.js,446,js,92007575,F3rando,2026-05-08,18:11:00,-07:00,2026-05-08T18:11:00-07:00,0,33
meta/main.js,447,js,92007575,F3rando,2026-05-08,18:11:00,-07:00,2026-05-08T18:11:00-07:00,0,2
meta/main.js,448,js,92007575,F3rando,2026-05-08,18:11:00,-07:00,2026-05-08T18:11:00-07:00,0,25
meta/main.js,449,js,92007575,F3rando,2026-05-08,18:11:00,-07:00,2026-05-08T18:11:00-07:00,0,59
meta/main.js,450,js,92007575,F3rando,2026-05-08,18:11:00,-07:00,2026-05-08T18:11:00-07:00,0,31
meta/main.js,451,js,92007575,F3rando,2026-05-08,18:11:00,-07:00,2026-05-08T18:11:00-07:00,0,34
meta/main.js,452,js,92007575,F3rando,2026-05-08,18:11:00,-07:00,2026-05-08T18:11:00-07:00,0,0
meta/main.js,453,js,92007575,F3rando,2026-05-08,18:11:00,-07:00,2026-05-08T18:11:00-07:00,0,0
meta/main.js,454,js,92007575,F3rando,2026-05-08,18:11:00,-07:00,2026-05-08T18:11:00-07:00,0,51
meta/main.js,455,js,92007575,F3rando,2026-05-08,18:11:00,-07:00,2026-05-08T18:11:00-07:00,0,0
meta/main.js,456,js,92007575,F3rando,2026-05-08,18:11:00,-07:00,2026-05-08T18:11:00-07:00,0,44
meta/main.js,457,js,92007575,F3rando,2026-05-08,18:11:00,-07:00,2026-05-08T18:11:00-07:00,0,0
meta/main.js,458,js,92007575,F3rando,2026-05-08,18:11:00,-07:00,2026-05-08T18:11:00-07:00,0,26
meta/main.js,459,js,92007575,F3rando,2026-05-08,18:11:00,-07:00,2026-05-08T18:11:00-07:00,0,29
meta/main.js,460,js,92007575,F3rando,2026-05-08,18:11:00,-07:00,2026-05-08T18:11:00-07:00,0,0
meta/main.js,461,js,92007575,F3rando,2026-05-08,18:11:00,-07:00,2026-05-08T18:11:00-07:00,0,0
meta/main.js,462,js,00000000,Not Committed Yet,2026-05-21,13:25:36,-07:00,2026-05-21T13:25:36-07:00,0,30
meta/main.js,463,js,00000000,Not Committed Yet,2026-05-21,13:25:36,-07:00,2026-05-21T13:25:36-07:00,0,57
meta/main.js,464,js,92007575,F3rando,2026-05-08,18:11:00,-07:00,2026-05-08T18:11:00-07:00,0,0
meta/main.js,465,js,00000000,Not Committed Yet,2026-05-21,13:25:36,-07:00,2026-05-21T13:25:36-07:00,0,37
meta/main.js,466,js,00000000,Not Committed Yet,2026-05-21,13:25:36,-07:00,2026-05-21T13:25:36-07:00,0,52
meta/main.js,467,js,00000000,Not Committed Yet,2026-05-21,13:25:36,-07:00,2026-05-21T13:25:36-07:00,0,0
meta/main.js,468,js,00000000,Not Committed Yet,2026-05-21,13:25:36,-07:00,2026-05-21T13:25:36-07:00,0,0
meta/main.js,469,js,00000000,Not Committed Yet,2026-05-21,13:25:36,-07:00,2026-05-21T13:25:36-07:00,0,26
meta/main.js,470,js,00000000,Not Committed Yet,2026-05-21,13:25:36,-07:00,2026-05-21T13:25:36-07:00,0,36
meta/main.js,471,js,00000000,Not Committed Yet,2026-05-21,13:25:36,-07:00,2026-05-21T13:25:36-07:00,0,28
meta/main.js,472,js,00000000,Not Committed Yet,2026-05-21,13:25:36,-07:00,2026-05-21T13:25:36-07:00,0,0
meta/main.js,473,js,00000000,Not Committed Yet,2026-05-21,13:25:36,-07:00,2026-05-21T13:25:36-07:00,0,13
meta/main.js,474,js,00000000,Not Committed Yet,2026-05-21,13:25:36,-07:00,2026-05-21T13:25:36-07:00,0,11
meta/main.js,475,js,00000000,Not Committed Yet,2026-05-21,13:25:36,-07:00,2026-05-21T13:25:36-07:00,0,8
meta/main.js,476,js,00000000,Not Committed Yet,2026-05-21,13:25:36,-07:00,2026-05-21T13:25:36-07:00,0,37
meta/main.js,477,js,00000000,Not Committed Yet,2026-05-21,13:25:36,-07:00,2026-05-21T13:25:36-07:00,0,37
meta/main.js,478,js,00000000,Not Committed Yet,2026-05-21,13:25:36,-07:00,2026-05-21T13:25:36-07:00,0,1
meta/main.js,479,js,00000000,Not Committed Yet,2026-05-21,13:25:36,-07:00,2026-05-21T13:25:36-07:00,0,16
meta/main.js,480,js,00000000,Not Committed Yet,2026-05-21,13:25:36,-07:00,2026-05-21T13:25:36-07:00,0,0
meta/main.js,481,js,00000000,Not Committed Yet,2026-05-21,13:25:36,-07:00,2026-05-21T13:25:36-07:00,0,37
meta/main.js,482,js,00000000,Not Committed Yet,2026-05-21,13:25:36,-07:00,2026-05-21T13:25:36-07:00,0,43
meta/main.js,483,js,00000000,Not Committed Yet,2026-05-21,13:25:36,-07:00,2026-05-21T13:25:36-07:00,0,29
meta/main.js,484,js,00000000,Not Committed Yet,2026-05-21,13:25:36,-07:00,2026-05-21T13:25:36-07:00,0,21
meta/main.js,485,js,00000000,Not Committed Yet,2026-05-21,13:25:36,-07:00,2026-05-21T13:25:36-07:00,0,0
meta/main.js,486,js,00000000,Not Committed Yet,2026-05-21,13:25:36,-07:00,2026-05-21T13:25:36-07:00,0,63
meta/main.js,487,js,00000000,Not Committed Yet,2026-05-21,13:25:36,-07:00,2026-05-21T13:25:36-07:00,0,18
meta/main.js,488,js,00000000,Not Committed Yet,2026-05-21,13:25:36,-07:00,2026-05-21T13:25:36-07:00,0,58
meta/main.js,489,js,00000000,Not Committed Yet,2026-05-21,13:25:36,-07:00,2026-05-21T13:25:36-07:00,0,20
meta/main.js,490,js,00000000,Not Committed Yet,2026-05-21,13:25:36,-07:00,2026-05-21T13:25:36-07:00,0,0
meta/index.html,1,html,075322e3,F3rando,2026-05-08,17:34:22,-07:00,2026-05-08T17:34:22-07:00,0,14
meta/index.html,2,html,075322e3,F3rando,2026-05-08,17:34:22,-07:00,2026-05-08T17:34:22-07:00,0,15
meta/index.html,3,html,075322e3,F3rando,2026-05-08,17:34:22,-07:00,2026-05-08T17:34:22-07:00,0,5
meta/index.html,4,html,075322e3,F3rando,2026-05-08,17:34:22,-07:00,2026-05-08T17:34:22-07:00,0,21
meta/index.html,5,html,075322e3,F3rando,2026-05-08,17:34:22,-07:00,2026-05-08T17:34:22-07:00,0,69
meta/index.html,6,html,075322e3,F3rando,2026-05-08,17:34:22,-07:00,2026-05-08T17:34:22-07:00,0,32
meta/index.html,7,html,075322e3,F3rando,2026-05-08,17:34:22,-07:00,2026-05-08T17:34:22-07:00,0,104
meta/index.html,8,html,075322e3,F3rando,2026-05-08,17:34:22,-07:00,2026-05-08T17:34:22-07:00,0,42
meta/index.html,9,html,075322e3,F3rando,2026-05-08,17:34:22,-07:00,2026-05-08T17:34:22-07:00,0,49
meta/index.html,10,html,075322e3,F3rando,2026-05-08,17:34:22,-07:00,2026-05-08T17:34:22-07:00,0,6
meta/index.html,11,html,075322e3,F3rando,2026-05-08,17:34:22,-07:00,2026-05-08T17:34:22-07:00,0,5
meta/index.html,12,html,075322e3,F3rando,2026-05-08,17:34:22,-07:00,2026-05-08T17:34:22-07:00,0,12
meta/index.html,13,html,075322e3,F3rando,2026-05-08,17:34:22,-07:00,2026-05-08T17:34:22-07:00,0,2
meta/index.html,14,html,075322e3,F3rando,2026-05-08,17:34:22,-07:00,2026-05-08T17:34:22-07:00,0,107
meta/index.html,15,html,00000000,Not Committed Yet,2026-05-21,13:25:36,-07:00,2026-05-21T13:25:36-07:00,0,73
meta/index.html,16,html,075322e3,F3rando,2026-05-08,17:34:22,-07:00,2026-05-08T17:34:22-07:00,0,3
meta/index.html,17,html,92007575,F3rando,2026-05-08,18:11:00,-07:00,2026-05-08T18:11:00-07:00,0,0
meta/index.html,18,html,00000000,Not Committed Yet,2026-05-21,13:25:36,-07:00,2026-05-21T13:25:36-07:00,0,36
meta/index.html,19,html,00000000,Not Committed Yet,2026-05-21,13:25:36,-07:00,2026-05-21T13:25:36-07:00,0,6
meta/index.html,20,html,00000000,Not Committed Yet,2026-05-21,13:25:36,-07:00,2026-05-21T13:25:36-07:00,0,18
meta/index.html,21,html,00000000,Not Committed Yet,2026-05-21,13:25:36,-07:00,2026-05-21T13:25:36-07:00,0,81
meta/index.html,22,html,00000000,Not Committed Yet,2026-05-21,13:25:36,-07:00,2026-05-21T13:25:36-07:00,0,36
meta/index.html,23,html,00000000,Not Committed Yet,2026-05-21,13:25:36,-07:00,2026-05-21T13:25:36-07:00,0,7
meta/index.html,24,html,00000000,Not Committed Yet,2026-05-21,13:25:36,-07:00,2026-05-21T13:25:36-07:00,0,5
meta/index.html,25,html,00000000,Not Committed Yet,2026-05-21,13:25:36,-07:00,2026-05-21T13:25:36-07:00,0,0
meta/index.html,26,html,92007575,F3rando,2026-05-08,18:11:00,-07:00,2026-05-08T18:11:00-07:00,0,21
meta/index.html,27,html,92007575,F3rando,2026-05-08,18:11:00,-07:00,2026-05-08T18:11:00-07:00,0,0
meta/index.html,28,html,92007575,F3rando,2026-05-08,18:11:00,-07:00,2026-05-08T18:11:00-07:00,0,30
meta/index.html,29,html,92007575,F3rando,2026-05-08,18:11:00,-07:00,2026-05-08T18:11:00-07:00,0,0
meta/index.html,30,html,00000000,Not Committed Yet,2026-05-21,13:25:36,-07:00,2026-05-21T13:25:36-07:00,0,19
meta/index.html,31,html,00000000,Not Committed Yet,2026-05-21,13:25:36,-07:00,2026-05-21T13:25:36-07:00,0,29
meta/index.html,32,html,00000000,Not Committed Yet,2026-05-21,13:25:36,-07:00,2026-05-21T13:25:36-07:00,0,22
meta/index.html,33,html,00000000,Not Committed Yet,2026-05-21,13:25:36,-07:00,2026-05-21T13:25:36-07:00,0,21
meta/index.html,34,html,00000000,Not Committed Yet,2026-05-21,13:25:36,-07:00,2026-05-21T13:25:36-07:00,0,46
meta/index.html,35,html,00000000,Not Committed Yet,2026-05-21,13:25:36,-07:00,2026-05-21T13:25:36-07:00,0,46
meta/index.html,36,html,00000000,Not Committed Yet,2026-05-21,13:25:36,-07:00,2026-05-21T13:25:36-07:00,0,0
meta/index.html,37,html,00000000,Not Committed Yet,2026-05-21,13:25:36,-07:00,2026-05-21T13:25:36-07:00,0,51
meta/index.html,38,html,00000000,Not Committed Yet,2026-05-21,13:25:36,-07:00,2026-05-21T13:25:36-07:00,0,14
meta/index.html,39,html,00000000,Not Committed Yet,2026-05-21,13:25:36,-07:00,2026-05-21T13:25:36-07:00,0,3
meta/index.html,40,html,00000000,Not Committed Yet,2026-05-21,13:25:36,-07:00,2026-05-21T13:25:36-07:00,0,73
meta/index.html,41,html,00000000,Not Committed Yet,2026-05-21,13:25:36,-07:00,2026-05-21T13:25:36-07:00,0,4
meta/index.html,42,html,92007575,F3rando,2026-05-08,18:11:00,-07:00,2026-05-08T18:11:00-07:00,0,0
meta/index.html,43,html,00000000,Not Committed Yet,2026-05-21,13:25:36,-07:00,2026-05-21T13:25:36-07:00,0,12
meta/index.html,44,html,00000000,Not Committed Yet,2026-05-21,13:25:36,-07:00,2026-05-21T13:25:36-07:00,0,25
meta/index.html,45,html,92007575,F3rando,2026-05-08,18:11:00,-07:00,2026-05-08T18:11:00-07:00,0,0
meta/index.html,46,html,00000000,Not Committed Yet,2026-05-21,13:25:36,-07:00,2026-05-21T13:25:36-07:00,0,12
meta/index.html,47,html,00000000,Not Committed Yet,2026-05-21,13:25:36,-07:00,2026-05-21T13:25:36-07:00,0,25
meta/index.html,48,html,92007575,F3rando,2026-05-08,18:11:00,-07:00,2026-05-08T18:11:00-07:00,0,0
meta/index.html,49,html,00000000,Not Committed Yet,2026-05-21,13:25:36,-07:00,2026-05-21T13:25:36-07:00,0,14
meta/index.html,50,html,00000000,Not Committed Yet,2026-05-21,13:25:36,-07:00,2026-05-21T13:25:36-07:00,0,27
meta/index.html,51,html,92007575,F3rando,2026-05-08,18:11:00,-07:00,2026-05-08T18:11:00-07:00,0,0
meta/index.html,52,html,00000000,Not Committed Yet,2026-05-21,13:25:36,-07:00,2026-05-21T13:25:36-07:00,0,20
meta/index.html,53,html,00000000,Not Committed Yet,2026-05-21,13:25:36,-07:00,2026-05-21T13:25:36-07:00,0,26
meta/index.html,54,html,00000000,Not Committed Yet,2026-05-21,13:25:36,-07:00,2026-05-21T13:25:36-07:00,0,4
meta/index.html,55,html,00000000,Not Committed Yet,2026-05-21,13:25:36,-07:00,2026-05-21T13:25:36-07:00,0,5
meta/index.html,56,html,00000000,Not Committed Yet,2026-05-21,13:25:36,-07:00,2026-05-21T13:25:36-07:00,0,5
meta/index.html,57,html,92007575,F3rando,2026-05-08,18:11:00,-07:00,2026-05-08T18:11:00-07:00,0,0
meta/index.html,58,html,00000000,Not Committed Yet,2026-05-21,13:25:36,-07:00,2026-05-21T13:25:36-07:00,0,28
meta/index.html,59,html,00000000,Not Committed Yet,2026-05-21,13:25:36,-07:00,2026-05-21T13:25:36-07:00,0,19
meta/index.html,60,html,92007575,F3rando,2026-05-08,18:11:00,-07:00,2026-05-08T18:11:00-07:00,0,0
meta/index.html,61,html,92007575,F3rando,2026-05-08,18:11:00,-07:00,2026-05-08T18:11:00-07:00,0,44
meta/index.html,62,html,075322e3,F3rando,2026-05-08,17:34:22,-07:00,2026-05-08T17:34:22-07:00,0,6
meta/index.html,63,html,075322e3,F3rando,2026-05-08,17:34:22,-07:00,2026-05-08T17:34:22-07:00,0,6
cv/index.html,1,html,c765ee36,F3rando,2026-04-03,14:19:48,-07:00,2026-04-03T14:19:48-07:00,0,14
cv/index.html,2,html,c765ee36,F3rando,2026-04-03,14:19:48,-07:00,2026-04-03T14:19:48-07:00,0,15
cv/index.html,3,html,c765ee36,F3rando,2026-04-03,14:19:48,-07:00,2026-04-03T14:19:48-07:00,0,5
cv/index.html,4,html,c765ee36,F3rando,2026-04-03,14:19:48,-07:00,2026-04-03T14:19:48-07:00,0,21
cv/index.html,5,html,c765ee36,F3rando,2026-04-03,14:19:48,-07:00,2026-04-03T14:19:48-07:00,0,69
cv/index.html,6,html,c765ee36,F3rando,2026-04-03,14:19:48,-07:00,2026-04-03T14:19:48-07:00,0,30
cv/index.html,7,html,c765ee36,F3rando,2026-04-03,14:19:48,-07:00,2026-04-03T14:19:48-07:00,0,104
cv/index.html,8,html,c765ee36,F3rando,2026-04-03,14:19:48,-07:00,2026-04-03T14:19:48-07:00,0,42
cv/index.html,9,html,1e288bbd,F3rando,2026-04-17,21:02:26,-07:00,2026-04-17T21:02:26-07:00,0,49
cv/index.html,10,html,c765ee36,F3rando,2026-04-03,14:19:48,-07:00,2026-04-03T14:19:48-07:00,0,6
cv/index.html,11,html,c765ee36,F3rando,2026-04-03,14:19:48,-07:00,2026-04-03T14:19:48-07:00,0,5
cv/index.html,12,html,06aeed61,F3rando,2026-04-10,17:08:37,-07:00,2026-04-10T17:08:37-07:00,0,19
cv/index.html,13,html,06aeed61,F3rando,2026-04-10,17:08:37,-07:00,2026-04-10T17:08:37-07:00,0,109
cv/index.html,14,html,c765ee36,F3rando,2026-04-03,14:19:48,-07:00,2026-04-03T14:19:48-07:00,0,0
cv/index.html,15,html,c765ee36,F3rando,2026-04-03,14:19:48,-07:00,2026-04-03T14:19:48-07:00,0,23
cv/index.html,16,html,c765ee36,F3rando,2026-04-03,14:19:48,-07:00,2026-04-03T14:19:48-07:00,0,17
cv/index.html,17,html,06aeed61,F3rando,2026-04-10,17:08:37,-07:00,2026-04-10T17:08:37-07:00,0,27
cv/index.html,18,html,06aeed61,F3rando,2026-04-10,17:08:37,-07:00,2026-04-10T17:08:37-07:00,0,42
cv/index.html,19,html,06aeed61,F3rando,2026-04-10,17:08:37,-07:00,2026-04-10T17:08:37-07:00,0,67
cv/index.html,20,html,06aeed61,F3rando,2026-04-10,17:08:37,-07:00,2026-04-10T17:08:37-07:00,0,56
cv/index.html,21,html,06aeed61,F3rando,2026-04-10,17:08:37,-07:00,2026-04-10T17:08:37-07:00,0,192
cv/index.html,22,html,06aeed61,F3rando,2026-04-10,17:08:37,-07:00,2026-04-10T17:08:37-07:00,0,5
cv/index.html,23,html,c765ee36,F3rando,2026-04-03,14:19:48,-07:00,2026-04-03T14:19:48-07:00,0,9
cv/index.html,24,html,c765ee36,F3rando,2026-04-03,14:19:48,-07:00,2026-04-03T14:19:48-07:00,0,0
cv/index.html,25,html,c765ee36,F3rando,2026-04-03,14:19:48,-07:00,2026-04-03T14:19:48-07:00,0,24
cv/index.html,26,html,c765ee36,F3rando,2026-04-03,14:19:48,-07:00,2026-04-03T14:19:48-07:00,0,18
cv/index.html,27,html,06aeed61,F3rando,2026-04-10,17:08:37,-07:00,2026-04-10T17:08:37-07:00,0,0
cv/index.html,28,html,06aeed61,F3rando,2026-04-10,17:08:37,-07:00,2026-04-10T17:08:37-07:00,0,28
cv/index.html,29,html,06aeed61,F3rando,2026-04-10,17:08:37,-07:00,2026-04-10T17:08:37-07:00,0,61
cv/index.html,30,html,06aeed61,F3rando,2026-04-10,17:08:37,-07:00,2026-04-10T17:08:37-07:00,0,55
cv/index.html,31,html,c765ee36,F3rando,2026-04-03,14:19:48,-07:00,2026-04-03T14:19:48-07:00,0,3
cv/index.html,32,html,06aeed61,F3rando,2026-04-10,17:08:37,-07:00,2026-04-10T17:08:37-07:00,0,112
cv/index.html,33,html,06aeed61,F3rando,2026-04-10,17:08:37,-07:00,2026-04-10T17:08:37-07:00,0,108
cv/index.html,34,html,06aeed61,F3rando,2026-04-10,17:08:37,-07:00,2026-04-10T17:08:37-07:00,0,105
cv/index.html,35,html,06aeed61,F3rando,2026-04-10,17:08:37,-07:00,2026-04-10T17:08:37-07:00,0,111
cv/index.html,36,html,c765ee36,F3rando,2026-04-03,14:19:48,-07:00,2026-04-03T14:19:48-07:00,0,4
cv/index.html,37,html,06aeed61,F3rando,2026-04-10,17:08:37,-07:00,2026-04-10T17:08:37-07:00,0,5
cv/index.html,38,html,06aeed61,F3rando,2026-04-10,17:08:37,-07:00,2026-04-10T17:08:37-07:00,0,0
cv/index.html,39,html,06aeed61,F3rando,2026-04-10,17:08:37,-07:00,2026-04-10T17:08:37-07:00,0,28
cv/index.html,40,html,06aeed61,F3rando,2026-04-10,17:08:37,-07:00,2026-04-10T17:08:37-07:00,0,65
cv/index.html,41,html,06aeed61,F3rando,2026-04-10,17:08:37,-07:00,2026-04-10T17:08:37-07:00,0,88
cv/index.html,42,html,c765ee36,F3rando,2026-04-03,14:19:48,-07:00,2026-04-03T14:19:48-07:00,0,3
cv/index.html,43,html,06aeed61,F3rando,2026-04-10,17:08:37,-07:00,2026-04-10T17:08:37-07:00,0,153
cv/index.html,44,html,06aeed61,F3rando,2026-04-10,17:08:37,-07:00,2026-04-10T17:08:37-07:00,0,182
cv/index.html,45,html,06aeed61,F3rando,2026-04-10,17:08:37,-07:00,2026-04-10T17:08:37-07:00,0,185
cv/index.html,46,html,c765ee36,F3rando,2026-04-03,14:19:48,-07:00,2026-04-03T14:19:48-07:00,0,4
cv/index.html,47,html,06aeed61,F3rando,2026-04-10,17:08:37,-07:00,2026-04-10T17:08:37-07:00,0,5
cv/index.html,48,html,06aeed61,F3rando,2026-04-10,17:08:37,-07:00,2026-04-10T17:08:37-07:00,0,0
cv/index.html,49,html,06aeed61,F3rando,2026-04-10,17:08:37,-07:00,2026-04-10T17:08:37-07:00,0,28
cv/index.html,50,html,06aeed61,F3rando,2026-04-10,17:08:37,-07:00,2026-04-10T17:08:37-07:00,0,54
cv/index.html,51,html,06aeed61,F3rando,2026-04-10,17:08:37,-07:00,2026-04-10T17:08:37-07:00,0,82
cv/index.html,52,html,c765ee36,F3rando,2026-04-03,14:19:48,-07:00,2026-04-03T14:19:48-07:00,0,3
cv/index.html,53,html,06aeed61,F3rando,2026-04-10,17:08:37,-07:00,2026-04-10T17:08:37-07:00,0,118
cv/index.html,54,html,06aeed61,F3rando,2026-04-10,17:08:37,-07:00,2026-04-10T17:08:37-07:00,0,119
cv/index.html,55,html,06aeed61,F3rando,2026-04-10,17:08:37,-07:00,2026-04-10T17:08:37-07:00,0,110
cv/index.html,56,html,c765ee36,F3rando,2026-04-03,14:19:48,-07:00,2026-04-03T14:19:48-07:00,0,4
cv/index.html,57,html,06aeed61,F3rando,2026-04-10,17:08:37,-07:00,2026-04-10T17:08:37-07:00,0,5
cv/index.html,58,html,c765ee36,F3rando,2026-04-03,14:19:48,-07:00,2026-04-03T14:19:48-07:00,0,9
cv/index.html,59,html,c765ee36,F3rando,2026-04-03,14:19:48,-07:00,2026-04-03T14:19:48-07:00,0,0
cv/index.html,60,html,c765ee36,F3rando,2026-04-03,14:19:48,-07:00,2026-04-03T14:19:48-07:00,0,22
cv/index.html,61,html,c765ee36,F3rando,2026-04-03,14:19:48,-07:00,2026-04-03T14:19:48-07:00,0,16
cv/index.html,62,html,06aeed61,F3rando,2026-04-10,17:08:37,-07:00,2026-04-10T17:08:37-07:00,0,0
cv/index.html,63,html,06aeed61,F3rando,2026-04-10,17:08:37,-07:00,2026-04-10T17:08:37-07:00,0,25
cv/index.html,64,html,06aeed61,F3rando,2026-04-10,17:08:37,-07:00,2026-04-10T17:08:37-07:00,0,37
cv/index.html,65,html,06aeed61,F3rando,2026-04-10,17:08:37,-07:00,2026-04-10T17:08:37-07:00,0,67
cv/index.html,66,html,c765ee36,F3rando,2026-04-03,14:19:48,-07:00,2026-04-03T14:19:48-07:00,0,3
cv/index.html,67,html,06aeed61,F3rando,2026-04-10,17:08:37,-07:00,2026-04-10T17:08:37-07:00,0,194
cv/index.html,68,html,06aeed61,F3rando,2026-04-10,17:08:37,-07:00,2026-04-10T17:08:37-07:00,0,201
cv/index.html,69,html,06aeed61,F3rando,2026-04-10,17:08:37,-07:00,2026-04-10T17:08:37-07:00,0,167
cv/index.html,70,html,c765ee36,F3rando,2026-04-03,14:19:48,-07:00,2026-04-03T14:19:48-07:00,0,4
cv/index.html,71,html,06aeed61,F3rando,2026-04-10,17:08:37,-07:00,2026-04-10T17:08:37-07:00,0,5
cv/index.html,72,html,06aeed61,F3rando,2026-04-10,17:08:37,-07:00,2026-04-10T17:08:37-07:00,0,0
cv/index.html,73,html,06aeed61,F3rando,2026-04-10,17:08:37,-07:00,2026-04-10T17:08:37-07:00,0,25
cv/index.html,74,html,06aeed61,F3rando,2026-04-10,17:08:37,-07:00,2026-04-10T17:08:37-07:00,0,43
cv/index.html,75,html,06aeed61,F3rando,2026-04-10,17:08:37,-07:00,2026-04-10T17:08:37-07:00,0,59
cv/index.html,76,html,c765ee36,F3rando,2026-04-03,14:19:48,-07:00,2026-04-03T14:19:48-07:00,0,3
cv/index.html,77,html,06aeed61,F3rando,2026-04-10,17:08:37,-07:00,2026-04-10T17:08:37-07:00,0,170
cv/index.html,78,html,06aeed61,F3rando,2026-04-10,17:08:37,-07:00,2026-04-10T17:08:37-07:00,0,168
cv/index.html,79,html,06aeed61,F3rando,2026-04-10,17:08:37,-07:00,2026-04-10T17:08:37-07:00,0,158
cv/index.html,80,html,c765ee36,F3rando,2026-04-03,14:19:48,-07:00,2026-04-03T14:19:48-07:00,0,4
cv/index.html,81,html,06aeed61,F3rando,2026-04-10,17:08:37,-07:00,2026-04-10T17:08:37-07:00,0,5
cv/index.html,82,html,06aeed61,F3rando,2026-04-10,17:08:37,-07:00,2026-04-10T17:08:37-07:00,0,0
cv/index.html,83,html,06aeed61,F3rando,2026-04-10,17:08:37,-07:00,2026-04-10T17:08:37-07:00,0,25
cv/index.html,84,html,06aeed61,F3rando,2026-04-10,17:08:37,-07:00,2026-04-10T17:08:37-07:00,0,38
cv/index.html,85,html,06aeed61,F3rando,2026-04-10,17:08:37,-07:00,2026-04-10T17:08:37-07:00,0,55
cv/index.html,86,html,c765ee36,F3rando,2026-04-03,14:19:48,-07:00,2026-04-03T14:19:48-07:00,0,3
cv/index.html,87,html,06aeed61,F3rando,2026-04-10,17:08:37,-07:00,2026-04-10T17:08:37-07:00,0,139
cv/index.html,88,html,06aeed61,F3rando,2026-04-10,17:08:37,-07:00,2026-04-10T17:08:37-07:00,0,135
cv/index.html,89,html,06aeed61,F3rando,2026-04-10,17:08:37,-07:00,2026-04-10T17:08:37-07:00,0,151
cv/index.html,90,html,c765ee36,F3rando,2026-04-03,14:19:48,-07:00,2026-04-03T14:19:48-07:00,0,4
cv/index.html,91,html,06aeed61,F3rando,2026-04-10,17:08:37,-07:00,2026-04-10T17:08:37-07:00,0,5
cv/index.html,92,html,c765ee36,F3rando,2026-04-03,14:19:48,-07:00,2026-04-03T14:19:48-07:00,0,9
cv/index.html,93,html,c765ee36,F3rando,2026-04-03,14:19:48,-07:00,2026-04-03T14:19:48-07:00,0,0
cv/index.html,94,html,c765ee36,F3rando,2026-04-03,14:19:48,-07:00,2026-04-03T14:19:48-07:00,0,20
cv/index.html,95,html,738da463,F3rando,2026-04-03,18:25:04,-07:00,2026-04-03T18:25:04-07:00,0,24
cv/index.html,96,html,06aeed61,F3rando,2026-04-10,17:08:37,-07:00,2026-04-10T17:08:37-07:00,0,0
cv/index.html,97,html,06aeed61,F3rando,2026-04-10,17:08:37,-07:00,2026-04-10T17:08:37-07:00,0,27
cv/index.html,98,html,06aeed61,F3rando,2026-04-10,17:08:37,-07:00,2026-04-10T17:08:37-07:00,0,17
cv/index.html,99,html,06aeed61,F3rando,2026-04-10,17:08:37,-07:00,2026-04-10T17:08:37-07:00,0,45
cv/index.html,100,html,06aeed61,F3rando,2026-04-10,17:08:37,-07:00,2026-04-10T17:08:37-07:00,0,5
cv/index.html,101,html,06aeed61,F3rando,2026-04-10,17:08:37,-07:00,2026-04-10T17:08:37-07:00,0,0
cv/index.html,102,html,06aeed61,F3rando,2026-04-10,17:08:37,-07:00,2026-04-10T17:08:37-07:00,0,27
cv/index.html,103,html,06aeed61,F3rando,2026-04-10,17:08:37,-07:00,2026-04-10T17:08:37-07:00,0,26
cv/index.html,104,html,06aeed61,F3rando,2026-04-10,17:08:37,-07:00,2026-04-10T17:08:37-07:00,0,93
cv/index.html,105,html,06aeed61,F3rando,2026-04-10,17:08:37,-07:00,2026-04-10T17:08:37-07:00,0,5
cv/index.html,106,html,06aeed61,F3rando,2026-04-10,17:08:37,-07:00,2026-04-10T17:08:37-07:00,0,0
cv/index.html,107,html,06aeed61,F3rando,2026-04-10,17:08:37,-07:00,2026-04-10T17:08:37-07:00,0,27
cv/index.html,108,html,06aeed61,F3rando,2026-04-10,17:08:37,-07:00,2026-04-10T17:08:37-07:00,0,20
cv/index.html,109,html,06aeed61,F3rando,2026-04-10,17:08:37,-07:00,2026-04-10T17:08:37-07:00,0,105
cv/index.html,110,html,06aeed61,F3rando,2026-04-10,17:08:37,-07:00,2026-04-10T17:08:37-07:00,0,5
cv/index.html,111,html,06aeed61,F3rando,2026-04-10,17:08:37,-07:00,2026-04-10T17:08:37-07:00,0,0
cv/index.html,112,html,06aeed61,F3rando,2026-04-10,17:08:37,-07:00,2026-04-10T17:08:37-07:00,0,27
cv/index.html,113,html,06aeed61,F3rando,2026-04-10,17:08:37,-07:00,2026-04-10T17:08:37-07:00,0,24
cv/index.html,114,html,06aeed61,F3rando,2026-04-10,17:08:37,-07:00,2026-04-10T17:08:37-07:00,0,101
cv/index.html,115,html,06aeed61,F3rando,2026-04-10,17:08:37,-07:00,2026-04-10T17:08:37-07:00,0,5
cv/index.html,116,html,06aeed61,F3rando,2026-04-10,17:08:37,-07:00,2026-04-10T17:08:37-07:00,0,9
cv/index.html,117,html,c765ee36,F3rando,2026-04-03,14:19:48,-07:00,2026-04-03T14:19:48-07:00,0,4
cv/index.html,118,html,c765ee36,F3rando,2026-04-03,14:19:48,-07:00,2026-04-03T14:19:48-07:00,0,18
cv/index.html,119,html,c765ee36,F3rando,2026-04-03,14:19:48,-07:00,2026-04-03T14:19:48-07:00,0,3
cv/index.html,120,html,738da463,F3rando,2026-04-03,18:25:04,-07:00,2026-04-03T18:25:04-07:00,0,15
cv/index.html,121,html,c765ee36,F3rando,2026-04-03,14:19:48,-07:00,2026-04-03T14:19:48-07:00,0,13
cv/index.html,122,html,c765ee36,F3rando,2026-04-03,14:19:48,-07:00,2026-04-03T14:19:48-07:00,0,11
cv/index.html,123,html,738da463,F3rando,2026-04-03,18:25:04,-07:00,2026-04-03T18:25:04-07:00,0,15
cv/index.html,124,html,738da463,F3rando,2026-04-03,18:25:04,-07:00,2026-04-03T18:25:04-07:00,0,14
cv/index.html,125,html,c765ee36,F3rando,2026-04-03,14:19:48,-07:00,2026-04-03T14:19:48-07:00,0,4
cv/index.html,126,html,c765ee36,F3rando,2026-04-03,14:19:48,-07:00,2026-04-03T14:19:48-07:00,0,26
cv/index.html,127,html,c765ee36,F3rando,2026-04-03,14:19:48,-07:00,2026-04-03T14:19:48-07:00,0,3
cv/index.html,128,html,738da463,F3rando,2026-04-03,18:25:04,-07:00,2026-04-03T18:25:04-07:00,0,20
cv/index.html,129,html,c765ee36,F3rando,2026-04-03,14:19:48,-07:00,2026-04-03T14:19:48-07:00,0,14
cv/index.html,130,html,c765ee36,F3rando,2026-04-03,14:19:48,-07:00,2026-04-03T14:19:48-07:00,0,13
cv/index.html,131,html,738da463,F3rando,2026-04-03,18:25:04,-07:00,2026-04-03T18:25:04-07:00,0,15
cv/index.html,132,html,c765ee36,F3rando,2026-04-03,14:19:48,-07:00,2026-04-03T14:19:48-07:00,0,11
cv/index.html,133,html,c765ee36,F3rando,2026-04-03,14:19:48,-07:00,2026-04-03T14:19:48-07:00,0,4
cv/index.html,134,html,c765ee36,F3rando,2026-04-03,14:19:48,-07:00,2026-04-03T14:19:48-07:00,0,9
cv/index.html,135,html,c765ee36,F3rando,2026-04-03,14:19:48,-07:00,2026-04-03T14:19:48-07:00,0,6
cv/index.html,136,html,c765ee36,F3rando,2026-04-03,14:19:48,-07:00,2026-04-03T14:19:48-07:00,0,6
contact/index.html,1,html,c765ee36,F3rando,2026-04-03,14:19:48,-07:00,2026-04-03T14:19:48-07:00,0,14
contact/index.html,2,html,c765ee36,F3rando,2026-04-03,14:19:48,-07:00,2026-04-03T14:19:48-07:00,0,15
contact/index.html,3,html,c765ee36,F3rando,2026-04-03,14:19:48,-07:00,2026-04-03T14:19:48-07:00,0,5
contact/index.html,4,html,c765ee36,F3rando,2026-04-03,14:19:48,-07:00,2026-04-03T14:19:48-07:00,0,21
contact/index.html,5,html,c765ee36,F3rando,2026-04-03,14:19:48,-07:00,2026-04-03T14:19:48-07:00,0,69
contact/index.html,6,html,c765ee36,F3rando,2026-04-03,14:19:48,-07:00,2026-04-03T14:19:48-07:00,0,22
contact/index.html,7,html,c765ee36,F3rando,2026-04-03,14:19:48,-07:00,2026-04-03T14:19:48-07:00,0,104
contact/index.html,8,html,c765ee36,F3rando,2026-04-03,14:19:48,-07:00,2026-04-03T14:19:48-07:00,0,42
contact/index.html,9,html,1e288bbd,F3rando,2026-04-17,21:02:26,-07:00,2026-04-17T21:02:26-07:00,0,49
contact/index.html,10,html,c765ee36,F3rando,2026-04-03,14:19:48,-07:00,2026-04-03T14:19:48-07:00,0,6
contact/index.html,11,html,c765ee36,F3rando,2026-04-03,14:19:48,-07:00,2026-04-03T14:19:48-07:00,0,5
contact/index.html,12,html,c765ee36,F3rando,2026-04-03,14:19:48,-07:00,2026-04-03T14:19:48-07:00,0,15
contact/index.html,13,html,c765ee36,F3rando,2026-04-03,14:19:48,-07:00,2026-04-03T14:19:48-07:00,0,35
contact/index.html,14,html,b3a1688d,F3rando,2026-04-17,20:57:37,-07:00,2026-04-17T20:57:37-07:00,0,42
contact/index.html,15,html,f8f3a38b,F3rando,2026-04-10,14:51:54,-07:00,2026-04-10T14:51:54-07:00,0,23
contact/index.html,16,html,f8f3a38b,F3rando,2026-04-10,14:51:54,-07:00,2026-04-10T14:51:54-07:00,0,30
contact/index.html,17,html,f8f3a38b,F3rando,2026-04-10,14:51:54,-07:00,2026-04-10T14:51:54-07:00,0,40
contact/index.html,18,html,f8f3a38b,F3rando,2026-04-10,14:51:54,-07:00,2026-04-10T14:51:54-07:00,0,5
contact/index.html,19,html,f8f3a38b,F3rando,2026-04-10,14:51:54,-07:00,2026-04-10T14:51:54-07:00,0,23
contact/index.html,20,html,f8f3a38b,F3rando,2026-04-10,14:51:54,-07:00,2026-04-10T14:51:54-07:00,0,32
contact/index.html,21,html,f8f3a38b,F3rando,2026-04-10,14:51:54,-07:00,2026-04-10T14:51:54-07:00,0,43
contact/index.html,22,html,f8f3a38b,F3rando,2026-04-10,14:51:54,-07:00,2026-04-10T14:51:54-07:00,0,5
contact/index.html,23,html,f8f3a38b,F3rando,2026-04-10,14:51:54,-07:00,2026-04-10T14:51:54-07:00,0,23
contact/index.html,24,html,f8f3a38b,F3rando,2026-04-10,14:51:54,-07:00,2026-04-10T14:51:54-07:00,0,36
contact/index.html,25,html,f8f3a38b,F3rando,2026-04-10,14:51:54,-07:00,2026-04-10T14:51:54-07:00,0,57
contact/index.html,26,html,f8f3a38b,F3rando,2026-04-10,14:51:54,-07:00,2026-04-10T14:51:54-07:00,0,5
contact/index.html,27,html,c765ee36,F3rando,2026-04-03,14:19:48,-07:00,2026-04-03T14:19:48-07:00,0,33
contact/index.html,28,html,c765ee36,F3rando,2026-04-03,14:19:48,-07:00,2026-04-03T14:19:48-07:00,0,6
contact/index.html,29,html,c765ee36,F3rando,2026-04-03,14:19:48,-07:00,2026-04-03T14:19:48-07:00,0,6
contact/index.html,30,html,c765ee36,F3rando,2026-04-03,14:19:48,-07:00,2026-04-03T14:19:48-07:00,0,6
